doc_id,surface,start_pos,end_pos,type,identifier,score
document_110032.html,Tommaso d’Aquino,24,40,PER,Q9438,148.52490234375
document_110032.html,Universitari,46,58,ORG,Q3918,127.14330291748047
document_110032.html,Azione Cattolica,62,78,ORG,Q3318304,147.3135986328125
document_110032.html,Associazione,131,143,ORG,Q1252319,128.68124389648438
document_110032.html,San Tommaso,188,199,PER,Q9438,120.47689056396484
document_110032.html,Dio,535,538,PER,Q190,111.6697006225586
document_110032.html,Chiesa,602,608,ORG,Q159583,119.42353820800781
document_110032.html,S. Tommaso,752,762,PER,Q9438,134.04873657226562
document_110034.html,Firenze,49,56,LOC,Q2044,107.46699523925781
document_110034.html,Gioventù di Azione Cattolica,161,189,ORG,Q3318304,177.71925354003906
document_110047.html,Associazioni,179,191,ORG,Q207320,131.87594604492188
document_110065.html,Italia,70,76,LOC,Q38,103.90168762207031
document_110065.html,Associazioni Universitarie,84,110,ORG,Q48204,142.83453369140625
document_110065.html,Azione Cattolica,114,130,ORG,Q3318304,129.8278350830078
document_110065.html,Sede Apostolica,222,237,ORG,Q159583,110.46699523925781
document_110065.html,Padre Santo,248,259,PER,Q43734,137.02734375
document_110065.html,Cristo,515,521,PER,Q302,109.5413589477539
document_110065.html,Chiesa,582,588,ORG,Q159583,116.07559204101562
document_110065.html,Azione Cattolica,628,644,ORG,Q3318304,134.296630859375
document_110065.html,Beatissimo Padre,687,703,PER,Q4448,153.50177001953125
document_110065.html,Universitari,709,721,ORG,Q3918,124.63732147216797
document_110065.html,Azione Cattolica,725,741,ORG,Q3318304,137.016357421875
document_110065.html,Università,985,995,ORG,Q3918,113.8775405883789
document_110065.html,Italia,996,1002,LOC,Q38,104.61875915527344
document_110082.html,democrazia cristiana,3,23,ORG,Q815348,126.82978820800781
document_110082.html,Italia,83,89,LOC,Q38,103.68852233886719
document_110088.html,democrazia cristiana,905,925,ORG,Q815348,140.01333618164062
document_110088.html,Pio XII,1583,1590,PER,Q2604,142.3765106201172
document_110090.html,Presidente Roos[e]velt,27,49,PER,Q958413,173.24742126464844
document_110090.html,Betlemme,919,927,LOC,Q5776,112.42715454101562
document_110092.html,Sforza,50,56,PER,Q463243,128.90536499023438
document_110092.html,Comitati di liberazione,88,111,ORG,Q547858,153.14462280273438
document_110092.html,Sforza,170,176,PER,Q463243,132.31883239746094
document_110092.html,Italia,267,273,LOC,Q38,106.43124389648438
document_110092.html,America,278,285,LOC,Q49,116.03377532958984
document_110092.html,Montevideo,296,306,LOC,Q1335,113.36863708496094
document_110106.html,Luigi Lavitrano,30,45,PER,Q1493618,207.24264526367188
document_110106.html,Palermo,65,72,LOC,Q1365235,119.1881332397461
document_110106.html,A.C.I.,143,149,ORG,Q3091708,177.48043823242188
document_110106.html,Associazioni,292,304,ORG,Q48204,127.95002746582031
document_110106.html,Italia,335,341,LOC,Q38,104.39544677734375
document_110106.html,Fuci,388,392,ORG,Q3091708,143.008056640625
document_110114.html,Italia,114,120,LOC,Q38,102.82743835449219
document_110139.html,Tunisia,172,179,LOC,Q948,107.37899780273438
document_110139.html,Italia,302,308,LOC,Q38,103.00035095214844
document_110143.html,Italia,27,33,LOC,Q38,103.21563720703125
document_110144.html,Padre,38,43,PER,Q4448,124.16259765625
document_110155.html,Italia,65,71,LOC,Q38,103.73236083984375
document_110155.html,Italia,624,630,LOC,Q38,103.77811431884766
document_110167.html,Germania,64,72,LOC,Q183,104.26698303222656
document_110177.html,Azione Cattolica,48,64,ORG,Q3318304,136.71131896972656
document_110177.html,Roma,77,81,LOC,Q220,108.75631713867188
document_110177.html,Italia,404,410,LOC,Q38,103.67405700683594
document_110177.html,Azione Cattolica,1535,1551,ORG,Q3318304,129.29086303710938
document_110177.html,Paese,1608,1613,LOC,Q38,115.25300598144531
document_110199.html,Italia,232,238,LOC,Q38,104.01558685302734
document_110199.html,Roma,436,440,LOC,Q220,112.60723876953125
document_110199.html,FUCI,509,513,ORG,Q3091708,145.31683349609375
document_110199.html,Movimento,620,629,ORG,Q257758,122.97588348388672
document_110205.html,Margadonna,30,40,PER,Q1238,147.0640869140625
document_110205.html,Parri,158,163,PER,Q471315,118.75515747070312
document_110220.html,Laureati Cattolici,130,148,ORG,Q950900,147.66403198242188
document_110220.html,Laureati,523,531,ORG,Q1054679,133.36878967285156
document_110220.html,Roma,566,570,LOC,Q220,112.68968200683594
document_110220.html,Laureati Cattolici,631,649,ORG,Q3991922,166.53009033203125
document_110220.html,Unioni Professionali Cattoliche,658,689,ORG,Q3686933,173.01019287109375
document_110220.html,Movimento,834,843,ORG,Q51122,121.45905303955078
document_110220.html,Laureati,912,920,ORG,Q1054679,123.41191101074219
document_110220.html,Italia,984,990,LOC,Q38,103.61894989013672
document_121003.html,partito socialista italiano,79,106,ORG,Q590750,137.3095245361328
document_121012.html,Moro,13,17,PER,Q171834,122.29447937011719
document_121012.html,Lombardi,45,53,PER,Q3763095,142.09365844726562
document_121020.html,Moro,13,17,PER,Q171834,133.65652465820312
document_121020.html,Presidente,75,85,PER,Q11696,118.84236145019531
document_121020.html,Commissione,123,134,ORG,Q21403297,124.64059448242188
document_121020.html,Presidente,233,243,PER,Q8007,115.76962280273438
document_121021.html,Moro,13,17,PER,Q171834,125.22151947021484
document_121021.html,La Pira,334,341,PER,Q543393,162.31199645996094
document_121021.html,Basso,363,368,PER,Q3619753,141.11297607421875
document_121024.html,Moro,13,17,PER,Q171834,123.7788314819336
document_121024.html,La Pira,78,85,PER,Q543393,145.7154541015625
document_121024.html,Basso,158,163,PER,Q3619753,139.87582397460938
document_121024.html,Marchesi,169,177,PER,Q3778140,141.44715881347656
document_121024.html,La Pira,382,389,PER,Q543393,157.58192443847656
document_121029.html,Moro,13,17,PER,Q171834,122.21595001220703
document_121029.html,Dossetti,144,152,PER,Q370039,139.22674560546875
document_121034.html,Moro,13,17,PER,Q171834,121.90717315673828
document_121034.html,Basso,71,76,PER,Q3619753,137.83660888671875
document_121043.html,Moro,13,17,PER,Q42544,126.4708251953125
document_121043.html,Marchesi,84,92,PER,Q3778140,130.03134155273438
document_121087.html,Moro,13,17,PER,Q171834,124.00421905517578
document_121087.html,Cevolotto,145,154,PER,Q3848440,146.64894104003906
document_121087.html,Togliatti,206,215,PER,Q310158,119.62258911132812
document_121088.html,Moro,13,17,PER,Q171834,123.12303161621094
document_121088.html,Cevolotto,198,207,PER,Q3848440,151.39614868164062
document_121088.html,Terracini,983,992,PER,Q4003497,161.5612335205078
document_121093.html,Moro,13,17,PER,Q42544,125.59229278564453
document_121093.html,Nobile,208,214,PER,Q123432,126.63032531738281
document_121093.html,Consulta araldica,660,677,ORG,Q1822839,166.83993530273438
document_121097.html,Chiesa,76,82,ORG,Q170174,124.80453491210938
document_121097.html,Moro,111,115,PER,Q171834,121.1369857788086
document_121104.html,Italia,188,194,LOC,Q38,102.45651245117188
document_121109.html,Assemblea costituente,35,56,ORG,Q1053185,133.988037109375
document_121134.html,Democrazia cristiana,489,509,ORG,Q815348,126.23979187011719
document_121134.html,Italia,818,824,LOC,Q38,104.3048095703125
document_121142.html,Ferdinando Vegas,67,83,PER,Q21587924,188.41444396972656
document_121149.html,Italia,141,147,LOC,Q38,102.84768676757812
document_121149.html,Italia,462,468,LOC,Q38,101.45880126953125
document_121155.html,Adelchi Baratono,34,50,PER,Q3605170,181.25965881347656
document_121170.html,Commissione,58,69,ORG,Q110448075,130.4793701171875
document_121170.html,Targetti,189,197,PER,Q3557346,165.19235229492188
document_121186.html,Assemblea costituente,100,121,ORG,Q1053185,138.29298400878906
document_121186.html,Corte costituzionale,174,194,ORG,Q1349315,134.00997924804688
document_121186.html,Condorelli,353,363,PER,Q47583,148.05955505371094
document_121196.html,DC,3,5,ORG,Q815348,113.70321655273438
document_121217.html,Luciano Magrini,198,213,PER,Q568804,238.6840057373047
document_121217.html,Il Mondo,256,264,ORG,Q3792807,160.98606872558594
document_121238.html,Italia,89,95,LOC,Q38,101.57659912109375
document_121238.html,Maria Montessori,167,183,PER,Q131117,133.71080017089844
document_121238.html,Italia,279,285,LOC,Q38,103.87619018554688
document_121238.html,Paese,356,361,LOC,Q38,112.46788787841797
document_121239.html,Società per l’organizzazione internazionale,39,82,ORG,Q3963401,155.56544494628906
document_121239.html,Italia,431,437,LOC,Q38,103.45053100585938
document_121245.html,Italia,37,43,LOC,Q38,104.64695739746094
document_122004.html,Commissione,149,160,ORG,Q21403297,125.08661651611328
document_122004.html,Ministro,335,343,PER,Q3773787,121.59263610839844
document_122004.html,Senato,469,475,ORG,Q633872,110.92416381835938
document_122004.html,Camera,493,499,ORG,Q841424,115.05674743652344
document_122004.html,Ministero,504,513,ORG,Q1855201,118.63529205322266
document_122004.html,Ministro,828,836,PER,Q83307,118.81105041503906
document_122004.html,Ministro,1422,1430,PER,Q3858500,122.25236511230469
document_122004.html,Marchesi,1454,1462,PER,Q431992,132.47898864746094
document_122004.html,Ministero,1510,1519,ORG,Q1855201,118.15992736816406
document_122004.html,Ministro,1606,1614,PER,Q3858500,121.00651550292969
document_122012.html,Polesine,152,160,LOC,Q1242205,138.57569885253906
document_122012.html,Nenni,298,303,PER,Q539486,185.3501434326172
document_122018.html,Maria Montessori,78,94,PER,Q131117,145.29359436035156
document_122018.html,Parlamento,207,217,ORG,Q35749,115.60032653808594
document_122018.html,Maria Montessori,279,295,PER,Q131117,147.7159881591797
document_122033.html,Covelli,246,253,PER,Q3611381,139.6919708251953
document_122034.html,Camera dei Deputati,63,82,ORG,Q841424,125.38664245605469
document_122034.html,Camera,300,306,ORG,Q841424,120.677490234375
document_122034.html,Leone,334,339,PER,Q1235,135.33949279785156
document_122034.html,Corte Costituzionale,349,369,ORG,Q593273,139.10098266601562
document_122034.html,Assemblea,407,416,ORG,Q47423,132.3897705078125
document_122034.html,Camera,461,467,ORG,Q841424,118.966552734375
document_122034.html,Camera,709,715,ORG,Q841424,118.62689971923828
document_122034.html,Parlamento,955,965,ORG,Q35749,121.34310913085938
document_122034.html,Camera,1055,1061,ORG,Q841424,120.06680297851562
document_122034.html,Parlamento,1181,1191,ORG,Q35749,123.86833190917969
document_122044.html,Presidente,7,17,PER,Q7477985,123.79000091552734
document_122044.html,Giuseppe Bettiol,111,127,PER,Q3770116,201.8084716796875
document_122067.html,Mattei,68,74,PER,Q13407130,144.355712890625
document_131006.html,Sicilia,26,33,LOC,Q1460,107.9434814453125
document_131006.html,Palermo,48,55,LOC,Q2656,106.2745361328125
document_131034.html,Moro,6,10,PER,Q171834,126.11738586425781
document_131034.html,Partito,394,401,ORG,Q2704736,123.31832122802734
document_131034.html,D.C.,447,451,ORG,Q815348,149.23492431640625
document_131034.html,D.C.,663,667,ORG,Q815348,149.71893310546875
document_131058.html,Moro,45,49,PER,Q171834,125.69856262207031
document_131058.html,Partito comunista,264,281,ORG,Q461886,132.80911254882812
document_131067.html,DC,649,651,ORG,Q815348,116.19918060302734
document_131067.html,DC,1192,1194,ORG,Q815348,111.82696533203125
document_131067.html,DC,1326,1328,ORG,Q815348,113.95468139648438
document_131072.html,Presidente del Consiglio,49,73,PER,Q11696,127.63365173339844
document_131072.html,Morlino,434,441,PER,Q1170132,138.4300537109375
document_131084.html,D.C.,19,23,ORG,Q815348,152.04307556152344
document_131084.html,D.C.,235,239,ORG,Q815348,166.42994689941406
document_131084.html,Paese,392,397,LOC,Q38,111.11000061035156
document_131084.html,Italia,513,519,LOC,Q38,103.13687133789062
document_131087.html,Napoli,53,59,LOC,Q2634,110.60216522216797
document_131087.html,D.C.,106,110,ORG,Q815348,153.73486328125
document_131087.html,D.C.,452,456,ORG,Q815348,148.7528076171875
document_131087.html,Napoli,486,492,LOC,Q2634,113.41510009765625
document_131092.html,Moro,6,10,PER,Q171834,126.02734375
document_131092.html,Partito,79,86,ORG,Q461886,124.23728942871094
document_131092.html,Napoli,198,204,LOC,Q2634,108.26795959472656
document_131092.html,Moro,315,319,PER,Q171834,130.63113403320312
document_131092.html,Partito,628,635,ORG,Q47720,121.98553466796875
document_131092.html,Napoli,723,729,LOC,Q2634,111.7520751953125
document_131092.html,Partito,1004,1011,ORG,Q2704736,126.08552551269531
document_131092.html,D.C.,1043,1047,ORG,Q815348,150.25828552246094
document_131092.html,D.C.,1204,1208,ORG,Q815348,154.63046264648438
document_131092.html,D.C.,1573,1577,ORG,Q815348,149.99879455566406
document_131106.html,Roma,133,137,LOC,Q220,114.83699035644531
document_131106.html,Napoli,139,145,LOC,Q2634,114.09837341308594
document_131106.html,Bari,147,151,LOC,Q3519,119.12326049804688
document_131106.html,Pisa,153,157,LOC,Q13375,115.5341796875
document_131106.html,Foggia,159,165,LOC,Q13464,114.54202270507812
document_131106.html,Paese,582,587,LOC,Q38,116.19647216796875
document_131111.html,Berloffa,176,184,PER,Q661117,156.44357299804688
document_131111.html,Roma,754,758,LOC,Q220,109.29735565185547
document_131111.html,Partito,1793,1800,ORG,Q2717398,127.62081909179688
document_131117.html,D.C.,3,7,ORG,Q625356,153.73989868164062
document_131119.html,Padova,2,8,LOC,Q617,117.91780853271484
document_131119.html,Aldo Moro,89,98,PER,Q171834,170.453857421875
document_131119.html,Perugia,175,182,LOC,Q3437,114.52609252929688
document_131119.html,Moro,270,274,PER,Q171834,127.86632537841797
document_131120.html,DC,29,31,ORG,Q815348,116.5279312133789
document_131120.html,Moro,36,40,PER,Q171834,127.69668579101562
document_131120.html,Teatro Nuovo,118,130,ORG,Q3981988,156.0963134765625
document_131120.html,DC,191,193,ORG,Q815348,113.22894287109375
document_131120.html,Moro,400,404,PER,Q171834,126.37004089355469
document_131120.html,DC,467,469,ORG,Q815348,113.7154541015625
document_131120.html,DC,636,638,ORG,Q815348,114.24281311035156
document_131120.html,Paese,816,821,LOC,Q38,121.61663818359375
document_131120.html,DC,874,876,ORG,Q815348,114.72210693359375
document_131126.html,DC,534,536,ORG,Q815348,114.68414306640625
document_131126.html,Partito,980,987,ORG,Q47720,125.04466247558594
document_131126.html,Napoli,1626,1632,LOC,Q2634,108.72343444824219
document_131128.html,Democrazia Cristiana,19,39,ORG,Q815348,149.2620849609375
document_131128.html,Nazioni Unite,486,499,ORG,Q1065,118.57099914550781
document_131128.html,Alleanza,925,933,ORG,Q878249,117.8274154663086
document_131130.html,Presidente,25,35,PER,Q11696,124.31071472167969
document_131130.html,Governo,220,227,ORG,Q3773955,111.64698791503906
document_131130.html,democrazia cristiana,281,301,ORG,Q815348,124.79560852050781
document_131130.html,Togliatti,315,324,PER,Q310158,119.27651977539062
document_131130.html,Governo,428,435,ORG,Q3773955,115.14041137695312
document_131130.html,partito comunista,538,555,ORG,Q461886,119.87705993652344
document_132006.html,Sommo Pontefice,25,40,PER,Q101437,117.33419799804688
document_132006.html,Terrasanta,44,54,LOC,Q48175,117.93544006347656
document_132006.html,Chiesa,331,337,ORG,Q159583,112.0496826171875
document_132006.html,Chiesa,476,482,ORG,Q159583,112.91627502441406
document_132011.html,Italia,25,31,LOC,Q38,105.32080078125
document_132011.html,Paese,127,132,LOC,Q38,112.86370849609375
document_132011.html,Italia,684,690,LOC,Q38,103.94490051269531
document_132011.html,Italia,1088,1094,LOC,Q38,105.02214050292969
document_132028.html,Rai,39,42,ORG,Q19616,116.93211364746094
document_132028.html,Governo,135,142,ORG,Q715959,111.66111755371094
document_132047.html,Malta,164,169,LOC,Q233,106.5247573852539
document_132065.html,IRI,167,170,ORG,Q1674879,155.99960327148438
document_132065.html,Alitalia,177,185,ORG,Q153975,111.69004821777344
document_132065.html,Carandini,311,320,PER,Q1987236,159.9650115966797
document_132073.html,Aldo Moro,32,41,PER,Q171834,164.15379333496094
document_132073.html,Bari,67,71,LOC,Q3519,108.33861541748047
document_132086.html,Roma,14,18,LOC,Q220,109.40335845947266
document_132086.html,Italia,83,89,LOC,Q38,104.60444641113281
document_132086.html,Nato,137,141,ORG,Q7184,130.29879760742188
document_132086.html,Governo italiano,151,167,ORG,Q3773815,120.4832763671875
document_132108.html,Togni,175,180,PER,Q22991664,123.64445495605469
document_132109.html,Asahi,50,55,ORG,Q2271725,182.14456176757812
document_132109.html,Italia,193,199,LOC,Q38,100.23867797851562
document_132109.html,Giappone,292,300,LOC,Q17,101.45024108886719
document_132115.html,Badaloni,39,47,PER,Q28030773,132.4974365234375
document_132115.html,Aldo Moro,131,140,PER,Q171834,153.26840209960938
document_132115.html,AIMC,237,241,ORG,Q3626589,204.7513427734375
document_132117.html,Aldo Moro,32,41,PER,Q171834,169.7995147705078
document_132117.html,Firenze,57,64,LOC,Q2044,107.21858215332031
document_132117.html,Sindaco,169,176,PER,Q30185,113.89022064208984
document_132117.html,Firenze,180,187,LOC,Q2044,104.81002807617188
document_132124.html,Jugoslavia,39,49,LOC,Q36704,108.66119384765625
document_132124.html,Stambolic,114,123,PER,Q456898,149.1552734375
document_132165.html,Bari,54,58,LOC,Q3519,119.88090515136719
document_132165.html,Bari,216,220,LOC,Q3519,110.43399047851562
document_132165.html,Bari,317,321,LOC,Q3519,112.70010375976562
document_132165.html,Governo,406,413,ORG,Q7188,110.29998779296875
document_132165.html,Paese,523,528,LOC,Q38,115.23635864257812
document_132165.html,Italia,814,820,LOC,Q38,102.79391479492188
document_132165.html,Mezzogiorno,1147,1158,LOC,Q207989,118.97334289550781
document_132165.html,Italia,1161,1167,LOC,Q38,104.16792297363281
document_132165.html,Governo,1272,1279,ORG,Q715959,109.763671875
document_132171.html,Berlino,218,225,LOC,Q64,104.1962661743164
document_132172.html,Ice,122,125,ORG,Q7804,147.7427978515625
document_132172.html,Aldo Moro,159,168,PER,Q171834,175.33348083496094
document_132172.html,Istituto,228,236,ORG,Q1938208,131.85728454589844
document_132172.html,Tolloy,442,448,PER,Q7327734,158.85928344726562
document_132172.html,Ice,471,474,ORG,Q789842,145.1742706298828
document_132172.html,Donati,481,487,PER,Q3680024,143.84487915039062
document_132172.html,Moro,495,499,PER,Q171834,131.5731201171875
document_132172.html,Governo,554,561,ORG,Q715959,113.06929016113281
document_132172.html,Governo,779,786,ORG,Q715959,112.36875915527344
document_132173.html,Cesare Battisti,64,79,PER,Q78782,139.0606689453125
document_132173.html,Trento,99,105,LOC,Q3376,104.35303497314453
document_132173.html,Battisti,357,365,PER,Q78782,116.25606536865234
document_132173.html,Battisti,407,415,PER,Q78782,112.89697265625
document_132179.html,Parlamento italiano,444,463,ORG,Q1117578,131.4161376953125
document_132179.html,Governo,611,618,ORG,Q715959,110.79486083984375
document_132179.html,Governo,748,755,ORG,Q715959,111.76660919189453
document_132179.html,Parlamento,769,779,ORG,Q35749,118.11538696289062
document_132179.html,Almirante,819,828,PER,Q273228,145.08135986328125
document_132179.html,Governo,875,882,ORG,Q715959,114.41716003417969
document_132179.html,Alto Adige,983,993,LOC,Q15124,122.68663024902344
document_132179.html,Camera,1080,1086,ORG,Q841424,119.12089538574219
document_132183.html,Aldo Moro,32,41,PER,Q171834,153.25860595703125
document_132183.html,Arcivescovo,128,139,PER,Q49476,128.68421936035156
document_132183.html,Salerno,299,306,LOC,Q1083,106.2533187866211
document_132183.html,Menna,342,347,PER,Q26222227,150.46829223632812
document_132194.html,Gorizia,36,43,LOC,Q6596,112.31230163574219
document_132194.html,Paese,263,268,LOC,Q7275,121.43815612792969
document_132194.html,Oslavia,1054,1061,LOC,Q979837,127.00086975097656
document_132194.html,Sabotino,1111,1119,LOC,Q3861947,125.75703430175781
document_132194.html,Pogdora,1125,1132,LOC,Q3825853,149.44606018066406
document_132194.html,Gorizia,1198,1205,LOC,Q6596,113.9113998413086
document_132194.html,Patria italiana,1392,1407,ORG,Q172579,126.03275299072266
document_132194.html,Isonzo,1524,1530,LOC,Q202760,122.92832946777344
document_132194.html,Oslavia,1567,1574,LOC,Q979837,131.73648071289062
document_132194.html,Sabotino,1791,1799,LOC,Q3861947,129.8765869140625
document_132194.html,Gorizia,1802,1809,LOC,Q6596,126.23988342285156
document_132194.html,Italia,1921,1927,LOC,Q38,103.617919921875
document_132198.html,Firenze,2,9,LOC,Q2044,107.91105651855469
document_132198.html,Aldo Moro,44,53,PER,Q171834,172.22637939453125
document_132198.html,Bargellini,77,87,PER,Q16571202,158.44161987304688
document_132198.html,Governo,178,185,ORG,Q3773910,115.13569641113281
document_132198.html,Firenze,216,223,LOC,Q2044,104.66085815429688
document_132223.html,Governo italiano,95,111,ORG,Q715959,117.00381469726562
document_132223.html,Italia,206,212,LOC,Q38,103.59767150878906
document_132230.html,Consiglio nazionale,176,195,ORG,Q3687286,135.00120544433594
document_132230.html,Paese,398,403,LOC,Q38,121.12689208984375
document_132230.html,Rumor,505,510,PER,Q47583,144.24502563476562
document_132230.html,Consiglio,685,694,ORG,Q609037,124.37278747558594
document_132230.html,Segretario,773,783,PER,Q736559,130.84881591796875
document_132230.html,Partito,868,875,ORG,Q47720,123.32078552246094
document_132232.html,Codogno,19,26,LOC,Q42298,151.699951171875
document_132256.html,Alberobello,3,14,LOC,Q51812,130.35716247558594
document_132256.html,Aldo Moro,162,171,PER,Q171834,173.48977661132812
document_132256.html,Maria Badaloni,236,250,PER,Q28030773,148.52706909179688
document_132256.html,Moro,517,521,PER,Q171834,119.00814819335938
document_132256.html,Paese,1103,1108,LOC,Q7275,115.98543548583984
document_132257.html,Cuneo,2,7,LOC,Q5968,112.8741455078125
document_132257.html,Aldo Moro,41,50,PER,Q171834,152.00042724609375
document_132257.html,Giovanni Giraudo,171,187,PER,Q3767386,168.35333251953125
document_132257.html,Provincia,251,260,ORG,Q15091,118.89676666259766
document_132257.html,Moro,289,293,PER,Q171834,118.81151580810547
document_132257.html,Cuneo,346,351,LOC,Q5968,110.67216491699219
document_132264.html,Dc,45,47,ORG,Q815348,116.77303314208984
document_132264.html,Italia,368,374,LOC,Q38,103.12992858886719
document_132264.html,Partito,716,723,ORG,Q3080480,124.70097351074219
document_132264.html,Democrazia Cristiana,1070,1090,ORG,Q815348,127.70698547363281
document_132272.html,Democrazia Cristiana,235,255,ORG,Q815348,130.09315490722656
document_132274.html,Tremelloni,77,87,PER,Q3939205,136.94448852539062
document_132274.html,Ministero della Difesa,125,147,ORG,Q1855201,122.6745834350586
document_132289.html,Governo,203,210,ORG,Q3773955,110.53143310546875
document_132289.html,Massimo Pilotti,387,402,PER,Q3851409,164.39117431640625
document_132289.html,Gaetano Azzariti,410,426,PER,Q3756893,185.1514434814453
document_132289.html,Andrea Torrente,435,450,PER,Q3616074,155.3924560546875
document_132296.html,Regione,166,173,LOC,Q21235336,127.32705688476562
document_132296.html,Union Valdotaine,322,338,ORG,Q370936,223.71444702148438
document_132296.html,Consiglio regionale,940,959,ORG,Q3687395,140.16781616210938
document_132296.html,Stato,1021,1026,ORG,Q7275,118.8726806640625
document_132296.html,Regione,1114,1121,LOC,Q1222,125.08721923828125
document_132296.html,Consiglio regionale,1182,1201,ORG,Q3687386,134.1122589111328
document_141002.html,Stefano Brun,103,115,PER,Q3972691,194.18777465820312
document_141002.html,Unione italiana delle Camere di Commercio,218,259,ORG,Q21236933,175.99444580078125
document_141002.html,Presidente,279,289,PER,Q11696,122.28457641601562
document_141002.html,Stagni,319,325,PER,Q16657901,145.85858154296875
document_141002.html,Stefano Brun,405,417,PER,Q3972691,194.1558837890625
document_141009.html,PCI,101,104,ORG,Q461886,116.20184326171875
document_141016.html,Democrazia Cristiana,648,668,ORG,Q815348,124.64048767089844
document_141027.html,Caltanissetta,2,15,LOC,Q13680,125.84623718261719
document_141027.html,Aldo Moro,23,32,PER,Q171834,143.36672973632812
document_141027.html,Democrazia Cristiana,62,82,ORG,Q815348,126.75132751464844
document_141027.html,Mezzogiorno,123,134,LOC,Q207989,122.004638671875
document_141027.html,Italia,137,143,LOC,Q38,103.72857666015625
document_141031.html,Taviani,19,26,PER,Q1379277,165.934814453125
document_141031.html,Gaspari,82,89,PER,Q3932481,135.1237335205078
document_141036.html,Aldo Moro,6,15,PER,Q171834,158.69329833984375
document_141036.html,Sassari,28,35,LOC,Q13629,109.25936889648438
document_141036.html,Sardegna,77,85,LOC,Q1462,107.97325897216797
document_141036.html,Mezzogiorno,247,258,LOC,Q207989,117.10440063476562
document_141036.html,Italia,261,267,LOC,Q38,102.75859832763672
document_141036.html,Paese,1050,1055,LOC,Q7275,117.20054626464844
document_141046.html,Comunità,45,53,ORG,Q52847,116.14701843261719
document_141046.html,Jugoslavia,62,72,LOC,Q36704,110.78323364257812
document_141046.html,Paese,184,189,LOC,Q36704,113.36955261230469
document_141046.html,Governo,234,241,ORG,Q7188,118.11666870117188
document_141061.html,Aja,121,124,LOC,Q36600,129.15646362304688
document_141061.html,Bruxelles,181,190,LOC,Q9005,118.00147247314453
document_141061.html,Lussemburgo,200,211,LOC,Q32,124.256591796875
document_141061.html,Maurice Schumann,252,268,PER,Q282882,205.0369873046875
document_141061.html,Moro,356,360,PER,Q171834,129.29830932617188
document_141061.html,Schumann,361,369,PER,Q15981,122.1655044555664
document_141061.html,Schumann,498,506,PER,Q15981,132.40509033203125
document_141094.html,Aja,199,202,LOC,Q36600,128.84146118164062
document_141094.html,Europa,234,240,LOC,Q46,103.59406280517578
document_141095.html,République Arabe Unie,13,34,LOC,Q170468,181.54446411132812
document_141095.html,Cairo,87,92,LOC,Q85,119.75045013427734
document_141095.html,Ministre,267,275,PER,Q609294,149.16357421875
document_141097.html,Bruxelles,54,63,LOC,Q9005,119.68193054199219
document_141099.html,Aldo Moro,30,39,PER,Q171834,143.70809936523438
document_141099.html,Brescia,52,59,LOC,Q6221,108.80077362060547
document_141104.html,Commissione,79,90,ORG,Q8880,121.18777465820312
document_141104.html,Comitato dei Rappresentanti Permanenti,293,331,ORG,Q780116,155.33807373046875
document_141104.html,Comunità,470,478,ORG,Q52847,112.92228698730469
document_141114.html,Camera,53,59,ORG,Q841424,119.28600311279297
document_141114.html,Governo,82,89,ORG,Q715959,115.06526184082031
document_141114.html,Libia,163,168,LOC,Q1016,107.21037292480469
document_141155.html,Moro,0,4,PER,Q171834,124.35609436035156
document_141155.html,Israele,46,53,LOC,Q801,111.43574523925781
document_141155.html,Knesset,180,187,LOC,Q133396,128.7079315185547
document_141155.html,Parlamento,192,202,ORG,Q35749,109.60597229003906
document_141155.html,Gerusalemme,206,217,LOC,Q1218,103.23261260986328
document_141155.html,Gerusalemme,498,509,LOC,Q1218,104.42756652832031
document_141168.html,Ghana,226,231,LOC,Q117,99.84861755371094
document_141172.html,Governo italiano,49,65,ORG,Q3773955,128.55319213867188
document_141172.html,Governo indonesiano,206,225,ORG,Q252,129.20938110351562
document_141172.html,Djakarta,250,258,LOC,Q4803,143.76499938964844
document_141180.html,Governo italiano,69,85,ORG,Q715959,116.49695587158203
document_141180.html,Roma,150,154,LOC,Q220,106.68135070800781
document_141193.html,Bouteflika,103,113,PER,Q57308,177.036376953125
document_141193.html,Algérie,173,180,LOC,Q262,122.93470764160156
document_141203.html,Italia,56,62,LOC,Q38,103.7626724243164
document_141203.html,ministro federale austriaco degli Esteri,67,107,PER,Q358589,201.732177734375
document_141203.html,Moro,165,169,PER,Q171834,132.91275024414062
document_141203.html,Villa Madama,223,235,LOC,Q1267485,133.6728973388672
document_141206.html,Comunità,3,11,ORG,Q52847,112.5837173461914
document_141206.html,Comunità Economica Europea,103,129,ORG,Q52847,154.62525939941406
document_141206.html,Turchia,138,145,LOC,Q43,107.99614715576172
document_141213.html,Nixon,146,151,PER,Q9588,107.3173828125
document_141225.html,Consiglio,52,61,ORG,Q8908,119.69190216064453
document_141225.html,Comunità,178,186,ORG,Q52847,110.64861297607422
document_141226.html,Moro,38,42,PER,Q171834,123.0781021118164
document_141226.html,Mosca,162,167,LOC,Q2314717,124.13807678222656
document_141226.html,Varsavia,176,184,LOC,Q658048,128.59190368652344
document_141226.html,Berlino,219,226,LOC,Q64,111.48139953613281
document_141226.html,Europa,275,281,LOC,Q46,106.96688842773438
document_141226.html,Berlino,373,380,LOC,Q64,109.78282165527344
document_141239.html,Moro,105,109,PER,Q171834,129.66929626464844
document_141239.html,Comunità economica europea,158,184,ORG,Q52847,133.3197479248047
document_141239.html,Turchia,269,276,LOC,Q43,103.67078399658203
document_141245.html,Moro,25,29,PER,Q47583,140.3329315185547
document_141245.html,Repubblica araba egiziana,87,112,LOC,Q79,156.96078491210938
document_141245.html,RAE,114,117,LOC,Q638740,199.3925323486328
document_141245.html,Mohamed Abdal Marzaban,120,142,PER,Q311129,233.52325439453125
document_141245.html,Farnesina,178,187,ORG,Q789842,141.147705078125
document_141245.html,Italia,215,221,LOC,Q38,110.65034484863281
document_141245.html,RAE,224,227,LOC,Q3488440,163.2179718017578
document_141245.html,Ripamonti,513,522,PER,Q3651570,137.14920043945312
document_141245.html,Pedini,558,564,PER,Q3848931,147.0960693359375
document_141245.html,Picardi,598,605,PER,Q1525531,150.32752990722656
document_141245.html,ministero degli Esteri,638,660,ORG,Q789842,123.99125671386719
document_141245.html,Gaja,674,678,PER,Q12674521,149.35865783691406
document_141245.html,Cairo,833,838,LOC,Q85,127.53024291992188
document_141249.html,Aldo Moro,6,15,PER,Q171834,142.92926025390625
document_141249.html,San Giovanni in Fiore,28,49,LOC,Q53969,136.1812286376953
document_141249.html,Catanzaro,70,79,LOC,Q3883,116.78231811523438
document_141249.html,Cosenza,82,89,LOC,Q13619,115.72760009765625
document_141249.html,Partiti,450,457,ORG,Q7278,125.2999038696289
document_141249.html,Democrazia Cristiana,1168,1188,ORG,Q815348,133.30735778808594
document_141249.html,Moro,1247,1251,PER,Q171834,123.1397476196289
document_141249.html,Democrazia Cristiana,1350,1370,ORG,Q815348,132.8740692138672
document_141249.html,Governo,1556,1563,ORG,Q7188,111.57296752929688
document_141249.html,Paese,1567,1572,LOC,Q38,122.91084289550781
document_141254.html,Governo italiano,52,68,ORG,Q715959,119.816162109375
document_141254.html,Africa,104,110,LOC,Q15,112.00242614746094
document_141254.html,Fiera Campionaria,303,320,ORG,Q2524205,171.67465209960938
document_141254.html,Milano,324,330,LOC,Q490,104.95823669433594
document_141259.html,Aldo Moro,39,48,PER,Q171834,141.19859313964844
document_141259.html,Cassino,52,59,LOC,Q116592,127.84947967529297
document_141267.html,Governatore Generale,7,27,PER,Q782965,146.48802185058594
document_141267.html,Primo Ministro,40,54,PER,Q14212,130.65664672851562
document_141269.html,Comunità,78,86,ORG,Q52847,115.56265258789062
document_141269.html,Comunità,294,302,ORG,Q177634,108.22755432128906
document_141270.html,Repubblica Federale Tedesca,47,74,LOC,Q41304,137.5729522705078
document_141270.html,Cancelliere Federale,111,131,PER,Q4970706,164.89756774902344
document_141270.html,Willy Brandt,132,144,PER,Q2514,155.64279174804688
document_141271.html,Moro,25,29,PER,Q47583,141.033935546875
document_141271.html,Lussemburgo,58,69,LOC,Q32,121.51871490478516
document_141271.html,Consiglio ministeriale,178,200,ORG,Q7184,151.21981811523438
document_141271.html,NATO,207,211,ORG,Q7184,132.0262451171875
document_141271.html,Bonn,217,221,LOC,Q586,120.00799560546875
document_141271.html,MEC,358,361,ORG,Q7184,171.74822998046875
document_141271.html,Comunità,461,469,ORG,Q52847,114.99454498291016
document_141276.html,Governo maltese,111,126,ORG,Q233,141.6297149658203
document_141276.html,Governo italiano,310,326,ORG,Q715959,131.8701171875
document_141276.html,Bemporad,466,474,PER,Q158030,172.3287811279297
document_141276.html,Cariglia,480,488,PER,Q601298,157.8250732421875
document_141276.html,Governo maltese,542,557,ORG,Q233,137.27548217773438
document_141276.html,Governo italiano,685,701,ORG,Q715959,124.74470520019531
document_141276.html,Malta,922,927,LOC,Q233,108.69337463378906
document_141276.html,Repubblica federale tedesca,975,1002,LOC,Q41304,135.1483154296875
document_141276.html,Canada,1009,1015,LOC,Q16,109.57075500488281
document_141294.html,Aldo Moro,73,82,PER,Q171834,155.49412536621094
document_141294.html,partito socialista democratico italiano,137,176,ORG,Q665335,181.60679626464844
document_141302.html,Democrazia Cristiana,167,187,ORG,Q815348,138.78956604003906
document_141302.html,Partito,377,384,ORG,Q764490,124.43851470947266
document_141304.html,Democrazia Cristiana,279,299,ORG,Q815348,126.65249633789062
document_141304.html,Paese,325,330,LOC,Q38,115.79386901855469
document_142010.html,Presidente,8,18,PER,Q11696,113.06884002685547
document_142010.html,Governo,43,50,ORG,Q7188,112.96305847167969
document_142010.html,Salvador Allende,266,282,PER,Q440,160.17401123046875
document_142022.html,Presidente,10,20,PER,Q248577,120.88513946533203
document_142022.html,Parlamento italiano,73,92,ORG,Q1117578,136.1279296875
document_142022.html,Governo,226,233,ORG,Q7188,110.94432067871094
document_142022.html,Parlamento,282,292,ORG,Q35749,113.53581237792969
document_142022.html,Paese,299,304,LOC,Q7275,116.12516784667969
document_142022.html,Parlamento,495,505,ORG,Q35749,116.26818084716797
document_142035.html,Paese,302,307,LOC,Q161227,130.07315063476562
document_142035.html,Moro,352,356,PER,Q171834,137.79879760742188
document_142035.html,Francia,492,499,LOC,Q659488,147.23138427734375
document_142035.html,Italia,502,508,LOC,Q171834,143.35595703125
document_142035.html,unione europea,672,686,ORG,Q171834,166.11318969726562
document_142036.html,Moro,13,17,PER,Q171834,143.50770568847656
document_142036.html,Italia,268,274,LOC,Q38,110.2810287475586
document_142036.html,Gran Bretagna,345,358,LOC,Q23666,108.70986938476562
document_142036.html,Comunità,377,385,ORG,Q1774161,134.37594604492188
document_142036.html,Gran Bretagna,428,441,LOC,Q23666,116.88490295410156
document_142036.html,Moro,458,462,PER,Q42544,148.9434814453125
document_142036.html,Comunità,496,504,ORG,Q171834,164.03826904296875
document_142036.html,Parlamento britannico,744,765,ORG,Q1347566,185.87232971191406
document_142041.html,Santiago del Cile,121,138,LOC,Q2887,126.59420776367188
document_142047.html,Africa,58,64,LOC,Q15,110.7447280883789
document_142047.html,Moro,91,95,PER,Q171834,140.02188110351562
document_142047.html,Africa,211,217,LOC,Q15,108.77953338623047
document_142047.html,OUA,769,772,ORG,Q36600,171.59237670898438
document_142051.html,Malta,160,165,LOC,Q233,107.24054718017578
document_142051.html,Paese,279,284,LOC,Q38,115.64067077636719
document_142053.html,Moro,13,17,PER,Q171834,123.25633239746094
document_142053.html,Varsavia,47,55,LOC,Q270,112.10930633544922
document_142053.html,Bruxelles,84,93,LOC,Q9005,113.07899475097656
document_142053.html,Europa,202,208,LOC,Q46,106.23179626464844
document_142053.html,Usa,382,385,LOC,Q49,128.2040557861328
document_142053.html,Urss,388,392,LOC,Q15180,115.95298767089844
document_142061.html,Togliatti,32,41,PER,Q310158,145.1387176513672
document_142061.html,Costituente,125,136,ORG,Q310158,146.83609008789062
document_142061.html,Togliatti,425,434,PER,Q310158,119.67767333984375
document_142061.html,Togliatti,646,655,PER,Q310158,116.68936157226562
document_142061.html,DC,692,694,ORG,Q815348,115.40426635742188
document_142061.html,Assemblea costituente,1102,1123,ORG,Q1053185,136.2451171875
document_142061.html,Repubblica italiana,1156,1175,LOC,Q38,129.7530517578125
document_142073.html,Presidente,8,18,PER,Q7477985,121.74049377441406
document_142073.html,Senato,140,146,ORG,Q3955184,113.97521209716797
document_142073.html,Camera,153,159,ORG,Q841424,118.90797424316406
document_142073.html,Governo,809,816,ORG,Q3773815,112.62796020507812
document_142073.html,Rognoni,913,920,PER,Q1748746,144.70938110351562
document_142073.html,De Martino,943,953,PER,Q3659250,154.4925994873047
document_142073.html,Orlandi,962,969,PER,Q3746504,152.75765991210938
document_142073.html,Biasini,978,985,PER,Q729032,148.68026733398438
document_142079.html,Signor Primo ministro,3,24,PER,Q14212,132.09898376464844
document_142083.html,Governo italiano,4,20,ORG,Q715959,118.70699310302734
document_142083.html,Italia,85,91,LOC,Q38,104.48194885253906
document_142083.html,Nazioni Unite,122,135,ORG,Q1065,122.026123046875
document_142083.html,Organizzazione,197,211,ORG,Q484652,115.22111511230469
document_142087.html,Primo Ministro,8,22,PER,Q14212,123.52307891845703
document_142087.html,Roma,133,137,LOC,Q220,107.78953552246094
document_142087.html,Canadà,385,391,LOC,Q16,105.64836120605469
document_142087.html,Italia,401,407,LOC,Q38,103.01046752929688
document_142116.html,Italia,4,10,LOC,Q38,105.00178527832031
document_142116.html,Primo Ministro,76,90,PER,Q14212,119.1121597290039
document_142116.html,Roma,125,129,LOC,Q220,104.94718933105469
document_142120.html,Mezzogiorno,84,95,LOC,Q207989,117.35247802734375
document_142128.html,Badioli,255,262,PER,Q22991664,144.94915771484375
document_142128.html,Badioli,472,479,PER,Q968365,144.25808715820312
document_142145.html,Democrazia Cristiana,219,239,ORG,Q815348,126.13243103027344
document_142145.html,Cappi,372,377,PER,Q47583,147.251953125
document_142145.html,Piccioni,386,394,PER,Q1665575,136.07022094726562
document_142145.html,Gonella,403,410,PER,Q1553555,133.84536743164062
document_142145.html,Cingolani,419,428,PER,Q318105,152.32249450683594
document_142145.html,Merlin,437,443,PER,Q3832550,139.96810913085938
document_142145.html,Tupini,452,458,PER,Q4003498,140.70614624023438
document_142145.html,Fanfani,540,547,PER,Q273228,124.37957763671875
document_142145.html,Moro,556,560,PER,Q171834,117.5548324584961
document_142145.html,Rumor,569,574,PER,Q47720,142.58807373046875
document_142145.html,Colombo,583,590,PER,Q47583,121.97730255126953
document_142145.html,Andreotti,600,609,PER,Q50005,117.65904998779297
document_142145.html,Taviani,619,626,PER,Q1379277,151.6123046875
document_142145.html,De Mita,763,770,PER,Q316226,154.1715545654297
document_142145.html,Marcora,780,787,PER,Q47651,137.51080322265625
document_142145.html,Morlino,797,804,PER,Q3619102,146.4525146484375
document_142145.html,Cossiga,814,821,PER,Q3111985,156.975341796875
document_142145.html,Gullotti,831,839,PER,Q3619102,133.01556396484375
document_142145.html,Bisaglia,849,857,PER,Q1059394,145.90911865234375
document_142149.html,Wilson,19,25,PER,Q128956,125.45301818847656
document_142149.html,Governo britannico,88,106,ORG,Q8680,123.69990539550781
document_142160.html,Aldo Moro,33,42,PER,Q171834,146.43914794921875
document_142160.html,Trieste,55,62,LOC,Q546,119.64805603027344
document_142160.html,Vittorio Veneto,82,97,LOC,Q47578,160.7989501953125
document_142160.html,Democrazia Cristiana,151,171,ORG,Q815348,132.63861083984375
document_142160.html,Democrazia Cristiana,354,374,ORG,Q815348,128.6290283203125
document_142160.html,Paese,463,468,LOC,Q7275,119.69940948486328
document_142160.html,Democrazia Cristiana,913,933,ORG,Q815348,125.79280090332031
document_142162.html,Aldo Moro,33,42,PER,Q171834,158.6533203125
document_142162.html,Lucca,55,60,LOC,Q13373,115.78005981445312
document_142162.html,Savona,62,68,LOC,Q13320,125.704833984375
document_142162.html,Democrazia Cristiana,134,154,ORG,Q815348,130.585693359375
document_142162.html,Democrazia Cristiana,746,766,ORG,Q815348,127.45144653320312
document_142170.html,Democrazia Cristiana,62,82,ORG,Q815348,123.980712890625
document_142170.html,Democrazia Cristiana,168,188,ORG,Q815348,120.86781311035156
document_142170.html,Italia,229,235,LOC,Q38,104.60723876953125
document_142170.html,Democrazia Cristiana,735,755,ORG,Q815348,122.46128845214844
document_142186.html,Stati Uniti,56,67,LOC,Q49,124.37837219238281
document_142196.html,Presidente,7,17,PER,Q11696,122.32015228271484
document_142196.html,Tremaglia,200,209,PER,Q1514742,141.0411834716797
document_142196.html,Presidente della Commissione esteri,391,426,PER,Q16975,149.69639587402344
document_142209.html,Andria,11,17,LOC,Q13486,129.516357421875
document_142209.html,Moro,18,22,PER,Q171834,118.01229858398438
document_142209.html,Democrazia cristiana,243,263,ORG,Q815348,126.43344116210938
document_142221.html,Camere,10,16,ORG,Q841424,125.30390167236328
document_142221.html,Kappler,381,388,PER,Q993405,154.19000244140625
document_142222.html,D.C.,24,28,ORG,Q815348,152.4498748779297
https://digitalzibaldone.net/node/p1012_2,Andrès,243,249,PER,Q2758559,142.09823608398438
https://digitalzibaldone.net/node/p1012_2,Roma,276,280,LOC,Q220,107.20443725585938
https://digitalzibaldone.net/node/p1012_2,Milano,416,422,LOC,Q490,106.27069854736328
https://digitalzibaldone.net/node/p1012_2,Cicerone,529,537,PER,Q1541,137.39105224609375
https://digitalzibaldone.net/node/p1012_2,Andrès,540,546,PER,Q2758559,143.60166931152344
https://digitalzibaldone.net/node/p1023_2,impero greco,52,64,LOC,Q184313,123.22703552246094
https://digitalzibaldone.net/node/p1023_2,italia,189,195,LOC,Q38,105.95694732666016
https://digitalzibaldone.net/node/p1023_2,Cic.,251,255,PER,Q1541,142.06549072265625
https://digitalzibaldone.net/node/p1023_2,Virgilio,262,270,PER,Q1398,129.63031005859375
https://digitalzibaldone.net/node/p1023_2,Augusto,289,296,PER,Q1405,128.1673583984375
https://digitalzibaldone.net/node/p1023_2,Andrès,425,431,PER,Q2758559,138.04055786132812
https://digitalzibaldone.net/node/p1034_2,Italia,62,68,LOC,Q38,103.93374633789062
https://digitalzibaldone.net/node/p1037_1,᾽Eπιτάϕιος,40,50,WORK,Q1606921,132.94393920898438
https://digitalzibaldone.net/node/p1037_1,Demostene,64,73,PER,Q117253,126.43059539794922
https://digitalzibaldone.net/node/p1040_1,Grecia,280,286,LOC,Q184313,109.007568359375
https://digitalzibaldone.net/node/p1040_1,italia,421,427,LOC,Q38,105.10575866699219
https://digitalzibaldone.net/node/p1040_1,Gallie,436,442,LOC,Q38060,128.46432495117188
https://digitalzibaldone.net/node/p1040_1,Gallie,642,648,LOC,Q38060,132.40109252929688
https://digitalzibaldone.net/node/p1040_1,italia,681,687,LOC,Q38,104.68257141113281
https://digitalzibaldone.net/node/p1040_1,Sicilia,721,728,LOC,Q1460,108.37901306152344
https://digitalzibaldone.net/node/p1040_1,Gallie,740,746,LOC,Q38060,133.64910888671875
https://digitalzibaldone.net/node/p1040_1,italia,1300,1306,LOC,Q38,103.62591552734375
https://digitalzibaldone.net/node/p1040_1,Francia,1312,1319,LOC,Q142,108.56538391113281
https://digitalzibaldone.net/node/p1040_1,italia,1610,1616,LOC,Q38,103.31183624267578
https://digitalzibaldone.net/node/p1040_1,Francia,1622,1629,LOC,Q142,107.53179931640625
https://digitalzibaldone.net/node/p1042_2,italia,208,214,LOC,Q38,104.28732299804688
https://digitalzibaldone.net/node/p1042_2,Gallie,333,339,LOC,Q38060,130.48037719726562
https://digitalzibaldone.net/node/p1042_2,Roma,432,436,LOC,Q220,109.87408447265625
https://digitalzibaldone.net/node/p1042_2,italia,442,448,LOC,Q38,104.17605590820312
https://digitalzibaldone.net/node/p1042_2,Roma,622,626,LOC,Q220,111.65738677978516
https://digitalzibaldone.net/node/p1042_2,italia,632,638,LOC,Q38,107.44151306152344
https://digitalzibaldone.net/node/p1042_2,Gallie,965,971,LOC,Q38060,132.4374237060547
https://digitalzibaldone.net/node/p1042_2,italia,1112,1118,LOC,Q38,109.74270629882812
https://digitalzibaldone.net/node/p1042_2,Francia,1171,1178,LOC,Q142,117.63543701171875
https://digitalzibaldone.net/node/p1045_2,Francia,3,10,LOC,Q142,108.39313507080078
https://digitalzibaldone.net/node/p1045_2,inghilterra,595,606,LOC,Q21,109.31263732910156
https://digitalzibaldone.net/node/p1045_2,europa,741,747,LOC,Q46,108.47726440429688
https://digitalzibaldone.net/node/p1045_2,Andrès,804,810,PER,Q2758559,140.275390625
https://digitalzibaldone.net/node/p1045_2,europa,888,894,LOC,Q46,106.20097351074219
https://digitalzibaldone.net/node/p1045_2,Shakespeare,997,1008,PER,Q692,122.1581802368164
https://digitalzibaldone.net/node/p1045_2,Francia,1074,1081,LOC,Q142,112.54359436035156
https://digitalzibaldone.net/node/p1048_2,Castelvetro,902,913,PER,Q936665,123.99920654296875
https://digitalzibaldone.net/node/p1049_1,Orazio,300,306,PER,Q6197,129.42518615722656
https://digitalzibaldone.net/node/p1052_3,Cic.,59,63,PER,Q1541,147.51727294921875
https://digitalzibaldone.net/node/p1052_3,de Senectute,74,86,WORK,Q2264770,202.50759887695312
https://digitalzibaldone.net/node/p1054_2,Sulzer,146,152,PER,Q1376130,143.70938110351562
https://digitalzibaldone.net/node/p1054_2,Forcellini,330,340,WORK,Q3846125,128.6260986328125
https://digitalzibaldone.net/node/p1054_2,Saggio sugli Errori popol. degli antichi,347,387,WORK,Q7561187,133.7086181640625
https://digitalzibaldone.net/node/p1055_2,Soave,128,133,PER,Q47876,135.578125
https://digitalzibaldone.net/node/p1055_2,Compendio,170,179,WORK,Q447,156.15203857421875
https://digitalzibaldone.net/node/p1055_2,Locke,183,188,PER,Q9353,132.37161254882812
https://digitalzibaldone.net/node/p1055_2,Venezia,190,197,LOC,Q641,119.69621276855469
https://digitalzibaldone.net/node/p1056_3,Cicerone,425,433,PER,Q1541,131.28501892089844
https://digitalzibaldone.net/node/p1056_3,Plauto,441,447,PER,Q47160,129.49525451660156
https://digitalzibaldone.net/node/p1056_3,Terenzio,453,461,PER,Q206119,132.82366943359375
https://digitalzibaldone.net/node/p1065_3,Scelta di Opuscoli interessanti,544,575,WORK,Q1376130,171.97190856933594
https://digitalzibaldone.net/node/p1065_3,Milano,577,583,LOC,Q490,108.00953674316406
https://digitalzibaldone.net/node/p1104_1,Franciosini,502,513,PER,Q7933857,157.19979858398438
https://digitalzibaldone.net/node/p1104_1,Dante,637,642,PER,Q1067,111.70809936523438
https://digitalzibaldone.net/node/p1104_1,la Crusca,650,659,WORK,Q338489,163.66981506347656
https://digitalzibaldone.net/node/p1105_1,il Forcellini.,234,248,WORK,Q3846125,143.64366149902344
https://digitalzibaldone.net/node/p1105_3,Virgilio,250,258,PER,Q1398,146.9319305419922
https://digitalzibaldone.net/node/p1105_3,Aen.,260,264,WORK,Q1398,171.00135803222656
https://digitalzibaldone.net/node/p1105_3,lido Siciliano,313,327,LOC,Q1460,141.60055541992188
https://digitalzibaldone.net/node/p1105_3,En.,1017,1020,WORK,Q5292,160.29345703125
https://digitalzibaldone.net/node/p1139_1,Palamede,678,686,PER,Q19360145,157.80357360839844
https://digitalzibaldone.net/node/p1139_1,Plin.,688,693,PER,Q46602,170.96717834472656
https://digitalzibaldone.net/node/p1139_1,Servius,758,765,PER,Q3637297,160.36929321289062
https://digitalzibaldone.net/node/p1139_1,ad Aen.,766,773,WORK,Q500930,147.57437133789062
https://digitalzibaldone.net/node/p1139_1,Fabric.,793,800,PER,Q3767277,164.10769653320312
https://digitalzibaldone.net/node/p1139_1,B. G.,801,806,WORK,Q3767277,184.22048950195312
https://digitalzibaldone.net/node/p1139_1,il Lessico,823,833,WORK,Q8096,157.0470733642578
https://digitalzibaldone.net/node/p1139_1,Hofmanno,839,847,PER,Q1224130,139.0727081298828
https://digitalzibaldone.net/node/p1139_1,Annali di Scienze e lettere,1249,1276,WORK,Q219989,168.24142456054688
https://digitalzibaldone.net/node/p1139_1,Milano,1278,1284,LOC,Q490,108.94894409179688
https://digitalzibaldone.net/node/p1148_1,Forcellini,28,38,PER,Q3846125,143.38897705078125
https://digitalzibaldone.net/node/p1213_1,europa,42,48,LOC,Q46,107.56927490234375
https://digitalzibaldone.net/node/p1213_1,europa,352,358,LOC,Q46,106.76435852050781
https://digitalzibaldone.net/node/p1213_1,europa,1018,1024,LOC,Q46,107.15739440917969
https://digitalzibaldone.net/node/p1213_1,europa,1515,1521,LOC,Q46,105.90992736816406
https://digitalzibaldone.net/node/p1213_1,europa,1696,1702,LOC,Q46,106.80830383300781
https://digitalzibaldone.net/node/p1213_1,italia,1716,1722,LOC,Q38,104.10527038574219
https://digitalzibaldone.net/node/p1213_1,italia,1779,1785,LOC,Q38,103.93086242675781
https://digitalzibaldone.net/node/p1213_1,europa,2090,2096,LOC,Q46,103.51766204833984
https://digitalzibaldone.net/node/p1213_1,europa,2370,2376,LOC,Q46,104.28718566894531
https://digitalzibaldone.net/node/p1217_1,Vocabolario,57,68,WORK,Q8096,118.25729370117188
https://digitalzibaldone.net/node/p1230_1,Forcellini,23,33,PER,Q3846125,138.52037048339844
https://digitalzibaldone.net/node/p1230_1,Crusca,162,168,WORK,Q338489,136.84173583984375
https://digitalzibaldone.net/node/p1230_1,Dante,186,191,PER,Q1067,112.24787902832031
https://digitalzibaldone.net/node/p1230_1,Soderini,203,211,PER,Q3768220,159.66416931152344
https://digitalzibaldone.net/node/p1230_1,Storie Pistolesi,435,451,WORK,Q3974294,179.66400146484375
https://digitalzibaldone.net/node/p1230_1,Crusca,458,464,WORK,Q338489,141.53805541992188
https://digitalzibaldone.net/node/p1230_1,Storia della Guerra di Semifonte,484,516,WORK,Q137483,258.84765625
https://digitalzibaldone.net/node/p1230_1,M. Pace da Certaldo,528,547,PER,Q1376130,202.59071350097656
https://digitalzibaldone.net/node/p1230_1,Firenze,549,556,LOC,Q2044,105.4364013671875
https://digitalzibaldone.net/node/p1230_1,Lettera a V. Monti,771,789,WORK,Q30898323,208.5775146484375
https://digitalzibaldone.net/node/p1230_1,Vincenzo Lancetti,793,810,PER,Q2090833,201.2089385986328
https://digitalzibaldone.net/node/p1230_1,Crusca,870,876,WORK,Q338489,155.65383911132812
https://digitalzibaldone.net/node/p1230_1,Milano,894,900,LOC,Q490,106.55491638183594
https://digitalzibaldone.net/node/p1230_1,Crusca,983,989,WORK,Q338489,142.3639678955078
https://digitalzibaldone.net/node/p1230_1,Crusca,1094,1100,WORK,Q338489,142.86187744140625
https://digitalzibaldone.net/node/p1230_1,Il Du Cange,1147,1158,WORK,Q290227,158.11279296875
https://digitalzibaldone.net/node/p1233_1,europa,92,98,LOC,Q46,106.00628662109375
https://digitalzibaldone.net/node/p1256_2,Omero,106,111,PER,Q6691,118.40851593017578
https://digitalzibaldone.net/node/p1256_2,Raffaello,164,173,PER,Q5597,118.47383117675781
https://digitalzibaldone.net/node/p1256_2,Omero,1083,1088,PER,Q6691,116.59110260009766
https://digitalzibaldone.net/node/p1260_2,Alfieri,160,167,PER,Q296244,131.3770751953125
https://digitalzibaldone.net/node/p1270_2,Sir W. Jones,815,827,PER,Q273969,162.80435180664062
https://digitalzibaldone.net/node/p1290_1,Morery,731,737,PER,Q1215486,140.4291534423828
https://digitalzibaldone.net/node/p1290_1,Grand dictionnaire historique,739,768,WORK,Q229264,197.53433227539062
https://digitalzibaldone.net/node/p1290_1,Calmet,795,801,PER,Q767668,132.48573303222656
https://digitalzibaldone.net/node/p1290_1,Prideaux,807,815,PER,Q5941597,138.3650665283203
https://digitalzibaldone.net/node/p1290_1,Vossio,821,827,PER,Q2282958,144.66819763183594
https://digitalzibaldone.net/node/p1290_1,Bibbia,1184,1190,WORK,Q83367,107.81321716308594
https://digitalzibaldone.net/node/p1292_1,Monti,108,113,PER,Q723643,135.46804809570312
https://digitalzibaldone.net/node/p1302_1,Gravina,910,917,PER,Q727363,132.0365447998047
https://digitalzibaldone.net/node/p1313_1,Daniello Bartoli,135,151,PER,Q2283604,176.46876525878906
https://digitalzibaldone.net/node/p1313_1,Monti,232,237,PER,Q723643,138.64002990722656
https://digitalzibaldone.net/node/p1313_1,Proposta,239,247,WORK,Q3831809,155.6855010986328
https://digitalzibaldone.net/node/p1313_1,Bartoli,605,612,PER,Q3611340,134.10491943359375
https://digitalzibaldone.net/node/p1313_1,Dante,1070,1075,PER,Q1067,110.50237274169922
https://digitalzibaldone.net/node/p1327_1,Marmontel,101,110,PER,Q379923,155.14041137695312
https://digitalzibaldone.net/node/p1329_1,italia,48,54,LOC,Q38,104.30183410644531
https://digitalzibaldone.net/node/p1329_1,italia,306,312,LOC,Q38,103.0469741821289
https://digitalzibaldone.net/node/p1329_1,Lancetti,356,364,PER,Q1376130,147.66244506835938
https://digitalzibaldone.net/node/p1329_1,Monti,368,373,PER,Q723643,122.49655151367188
https://digitalzibaldone.net/node/p1329_1,Proposta,380,388,WORK,Q134995,140.44366455078125
https://digitalzibaldone.net/node/p1336_2,Monti,412,417,PER,Q723643,121.79093933105469
https://digitalzibaldone.net/node/p1350_1,Sulzer,163,169,PER,Q1376130,128.4666748046875
https://digitalzibaldone.net/node/p1350_1,Milano,202,208,LOC,Q490,107.74603271484375
https://digitalzibaldone.net/node/p1350_1,ib.,305,308,WORK,Q1376130,146.67723083496094
https://digitalzibaldone.net/node/p1366_1,Dante,14,19,PER,Q1067,118.08924865722656
https://digitalzibaldone.net/node/p1366_1,Petr.,21,26,PER,Q1401,134.99862670898438
https://digitalzibaldone.net/node/p1366_1,Bocc.,27,32,PER,Q1402,136.77508544921875
https://digitalzibaldone.net/node/p1366_1,Omero,293,298,PER,Q6691,113.30897521972656
https://digitalzibaldone.net/node/p1366_1,Grecia,323,329,LOC,Q184313,111.36067199707031
https://digitalzibaldone.net/node/p1366_1,Omero,511,516,PER,Q6691,111.43557739257812
https://digitalzibaldone.net/node/p1366_1,Monti,547,552,PER,Q723643,125.53030395507812
https://digitalzibaldone.net/node/p1366_1,Proposta,590,598,WORK,Q3831809,141.32415771484375
https://digitalzibaldone.net/node/p1366_1,Omero,684,689,PER,Q6691,115.11522674560547
https://digitalzibaldone.net/node/p1366_1,Dante,723,728,PER,Q1067,111.43238830566406
https://digitalzibaldone.net/node/p1366_1,Dante,737,742,PER,Q1067,112.03800201416016
https://digitalzibaldone.net/node/p1366_1,Omero,781,786,PER,Q6691,121.35042572021484
https://digitalzibaldone.net/node/p1378_1,Gelli,721,726,PER,Q518160,131.1667938232422
https://digitalzibaldone.net/node/p1378_1,Circe,728,733,WORK,Q518160,156.393310546875
https://digitalzibaldone.net/node/p1378_1,Segneri,790,797,PER,Q1057722,137.16390991210938
https://digitalzibaldone.net/node/p1378_1,Incredulo,798,807,WORK,Q3149975,143.5604248046875
https://digitalzibaldone.net/node/p1445_1,Thomas,129,135,PER,Q60684,134.09100341796875
https://digitalzibaldone.net/node/p1445_1,Essai sur les Eloges,136,156,WORK,Q382056,193.876708984375
https://digitalzibaldone.net/node/p1445_1,Meursio,210,217,PER,Q3766988,156.88128662109375
https://digitalzibaldone.net/node/p1445_1,de Festis Graecorum o Romanorum,248,279,WORK,Q174268,179.10621643066406
https://digitalzibaldone.net/node/p1447_3,Porfirio,398,406,PER,Q203445,129.6936798095703
https://digitalzibaldone.net/node/p1447_3,"Vit. Plotini,",408,421,WORK,Q134189,156.626708984375
https://digitalzibaldone.net/node/p1450_1,il Rinaldo,1012,1022,WORK,Q-1,154.77456665039062
https://digitalzibaldone.net/node/p1450_1,Tasso,1027,1032,PER,Q168962,116.04182434082031
https://digitalzibaldone.net/node/p1450_1,Metastasio,1058,1068,PER,Q29473,146.06427001953125
https://digitalzibaldone.net/node/p1450_1,Alfieri,1076,1083,PER,Q296244,125.33521270751953
https://digitalzibaldone.net/node/p1454_1,Alfieri,529,536,PER,Q296244,129.46560668945312
https://digitalzibaldone.net/node/p1454_1,vita,561,565,WORK,Q2966983,131.607421875
https://digitalzibaldone.net/node/p1468_1,Cartesio,92,100,PER,Q5479838,140.30673217773438
https://digitalzibaldone.net/node/p1468_1,europa,822,828,LOC,Q46,110.97663116455078
https://digitalzibaldone.net/node/p1487_1,Sulzer,328,334,PER,Q76568,133.99325561523438
https://digitalzibaldone.net/node/p1501_1,spagne,373,379,LOC,Q1357166,139.123291015625
https://digitalzibaldone.net/node/p1501_1,francia,387,394,LOC,Q142,107.49848937988281
https://digitalzibaldone.net/node/p1501_1,italia,399,405,LOC,Q38,102.83917999267578
https://digitalzibaldone.net/node/p1515_1,italia,208,214,LOC,Q38,104.96754455566406
https://digitalzibaldone.net/node/p1515_1,spagna,220,226,LOC,Q29,105.01016235351562
https://digitalzibaldone.net/node/p1515_1,inghilterra,232,243,LOC,Q21,105.94779205322266
https://digitalzibaldone.net/node/p1557_1,Omero,104,109,PER,Q6691,123.21044158935547
https://digitalzibaldone.net/node/p1589_2,Bologna,829,836,LOC,Q1891,111.42256164550781
https://digitalzibaldone.net/node/p1601_1,Celso,602,607,PER,Q156778,134.34652709960938
https://digitalzibaldone.net/node/p1601_1,Montesquieu,653,664,PER,Q15975,135.5839080810547
https://digitalzibaldone.net/node/p1601_1,Grandeur,665,673,WORK,Q1376130,142.77500915527344
https://digitalzibaldone.net/node/p1601_1,Celso,856,861,PER,Q87051877,135.7996063232422
https://digitalzibaldone.net/node/p1650_1,Omero,363,368,PER,Q6691,116.45817565917969
https://digitalzibaldone.net/node/p1659_1,Wieland,514,521,PER,Q154010,134.16627502441406
https://digitalzibaldone.net/node/p1659_1,Dante,1041,1046,PER,Q1067,110.57403564453125
https://digitalzibaldone.net/node/p1659_1,Petrarca,1048,1056,PER,Q1401,116.68559265136719
https://digitalzibaldone.net/node/p1659_1,Perticari,1064,1073,PER,Q3769747,139.46780395507812
https://digitalzibaldone.net/node/p1659_1,Salviati,1822,1830,PER,Q3830435,136.78738403320312
https://digitalzibaldone.net/node/p1671_1,Germania,421,429,LOC,Q183,110.24575805664062
https://digitalzibaldone.net/node/p1671_1,europa,1046,1052,LOC,Q46,107.42361450195312
https://digitalzibaldone.net/node/p1671_1,Sismondi,1084,1092,PER,Q124073,130.7731170654297
https://digitalzibaldone.net/node/p1671_1,Lusiade,1099,1106,WORK,Q3855096,151.97877502441406
https://digitalzibaldone.net/node/p1671_1,Gerusalemme,1137,1148,WORK,Q1053313,126.82829284667969
https://digitalzibaldone.net/node/p1671_1,Omero,1240,1245,PER,Q6691,114.83393859863281
https://digitalzibaldone.net/node/p1671_1,Virgilio,1251,1259,PER,Q1398,125.5954360961914
https://digitalzibaldone.net/node/p1671_1,il Furioso,1321,1331,WORK,Q48922,180.11669921875
https://digitalzibaldone.net/node/p1671_1,il Goffredo,1340,1351,WORK,Q188344,167.34500122070312
https://digitalzibaldone.net/node/p1671_1,iliade,1993,1999,WORK,Q8275,124.91316986083984
https://digitalzibaldone.net/node/p1671_1,odissea,2004,2011,WORK,Q35160,133.38299560546875
https://digitalzibaldone.net/node/p1671_1,Eneide,2036,2042,WORK,Q60220,142.1576385498047
https://digitalzibaldone.net/node/p1671_1,iliade,2151,2157,WORK,Q8275,118.77490234375
https://digitalzibaldone.net/node/p1671_1,Eneide,2175,2181,WORK,Q60220,132.12509155273438
https://digitalzibaldone.net/node/p1678_1,italia,358,364,LOC,Q38,102.84333801269531
https://digitalzibaldone.net/node/p1678_1,monti,383,388,PER,Q723643,126.26481628417969
https://digitalzibaldone.net/node/p1678_1,Proposta,390,398,WORK,Q3877952,136.59422302246094
https://digitalzibaldone.net/node/p1678_1,Crusca,637,643,WORK,Q188672,149.059814453125
https://digitalzibaldone.net/node/p1678_1,Crusca,691,697,WORK,Q622110,148.364501953125
https://digitalzibaldone.net/node/p1678_1,Crusca,751,757,WORK,Q513651,156.75027465820312
https://digitalzibaldone.net/node/p1699_2,Veterinaria,1323,1334,WORK,Q431,144.08273315429688
https://digitalzibaldone.net/node/p1699_2,Vegezio,1338,1345,PER,Q4298,134.9390869140625
https://digitalzibaldone.net/node/p1699_2,Cioni,1391,1396,PER,Q76648171,162.92703247070312
https://digitalzibaldone.net/node/p1699_2,Lettera,1398,1405,WORK,Q30898323,147.11734008789062
https://digitalzibaldone.net/node/p1699_2,G. Capponi,1408,1418,PER,Q1526003,174.12576293945312
https://digitalzibaldone.net/node/p1699_2,Pelagonio,1425,1434,PER,Q788340,138.9427032470703
https://digitalzibaldone.net/node/p1717_1,Periandro,61,70,PER,Q328793,155.48223876953125
https://digitalzibaldone.net/node/p1720_1,Cartesio,200,208,PER,Q5479838,132.03143310546875
https://digitalzibaldone.net/node/p1773_1,Adamo,447,452,PER,Q70899,114.18119049072266
https://digitalzibaldone.net/node/p1794_1,Agesilao,157,165,PER,Q2275429,144.09605407714844
https://digitalzibaldone.net/node/p1794_1,Senofonte,193,202,PER,Q129772,106.75711059570312
https://digitalzibaldone.net/node/p1794_1,Coti re de' Paflagoni,230,251,PER,Q3073493,205.84597778320312
https://digitalzibaldone.net/node/p1794_1,Senofonte,274,283,PER,Q129772,110.7716064453125
https://digitalzibaldone.net/node/p1794_1,῾Eλληνικῶν ἱστοριῶν,335,354,WORK,Q36510,152.461181640625
https://digitalzibaldone.net/node/p1822_1,Sallustio,605,614,WORK,Q7170,151.24786376953125
https://digitalzibaldone.net/node/p1822_1,Dureau Delamalle,618,634,PER,Q677943,181.54510498046875
https://digitalzibaldone.net/node/p1831_1,mezzogiorno d'Europa,296,316,LOC,Q2305101,149.45175170898438
https://digitalzibaldone.net/node/p1858_1,Copernico,20,29,PER,Q619,129.49595642089844
https://digitalzibaldone.net/node/p1858_1,Pittagora,279,288,PER,Q169243,136.55853271484375
https://digitalzibaldone.net/node/p1858_1,Aristarco di Samo,292,309,PER,Q140188,153.27743530273438
https://digitalzibaldone.net/node/p1858_1,Card. di Cusa,315,328,PER,Q155952,146.19178771972656
https://digitalzibaldone.net/node/p1867_1,Guicciardini,1881,1893,PER,Q1402,136.29348754882812
https://digitalzibaldone.net/node/p1867_1,Considerazioni civili,1912,1933,WORK,Q2966983,170.24203491210938
https://digitalzibaldone.net/node/p1867_1,Remigio Fiorentino,1937,1955,PER,Q2843250,171.79541015625
https://digitalzibaldone.net/node/p1867_1,Historie,1965,1973,WORK,Q447,154.64642333984375
https://digitalzibaldone.net/node/p1867_1,Guicciardini,1980,1992,PER,Q1402,130.3367919921875
https://digitalzibaldone.net/node/p1950_1,Staël,220,225,PER,Q549725,157.72750854492188
https://digitalzibaldone.net/node/p1980_1,Celso,396,401,PER,Q83428,137.76133728027344
https://digitalzibaldone.net/node/p1980_1,sull'orig. della medicina,402,427,WORK,Q170472,150.70953369140625
https://digitalzibaldone.net/node/p1987_1,Omero,282,287,PER,Q6691,112.66986083984375
https://digitalzibaldone.net/node/p1999_2,Francia,1609,1616,LOC,Q142,107.25521850585938
https://digitalzibaldone.net/node/p2001_1,Francia,27,34,LOC,Q142,105.26402282714844
https://digitalzibaldone.net/node/p2708_1,Cartesio,0,8,PER,Q5479838,144.36007690429688
https://digitalzibaldone.net/node/p2708_1,Cartesio,171,179,PER,Q5479838,138.24072265625
https://digitalzibaldone.net/node/p2708_1,Newton,426,432,PER,Q935,115.32630920410156
https://digitalzibaldone.net/node/p2708_1,Platone,591,598,PER,Q859,120.17461395263672
https://digitalzibaldone.net/node/p2711_1,California,1276,1286,LOC,Q99,116.09925842285156
https://digitalzibaldone.net/node/p2735_1,Cic.,374,378,PER,Q1541,146.72972106933594
https://digitalzibaldone.net/node/p2735_1,Orat. pro Archia poeta,380,402,WORK,Q3922215,198.98219299316406
https://digitalzibaldone.net/node/p2735_1,impero latino,880,893,LOC,Q1163234,138.4497833251953
https://digitalzibaldone.net/node/p2735_1,Cicerone,944,952,PER,Q1541,136.95614624023438
https://digitalzibaldone.net/node/p2771_1,Caro,241,245,PER,Q1402,149.5078582763672
https://digitalzibaldone.net/node/p2778_1,Ammon.,1690,1696,PER,Q208653,148.59063720703125
https://digitalzibaldone.net/node/p2778_1,de Different. vocabulor.,1697,1721,WORK,Q28668304,154.9921875
https://digitalzibaldone.net/node/p2778_1,Plat.,1742,1747,PER,Q28668304,156.9060821533203
https://digitalzibaldone.net/node/p2778_1,Demost.,1753,1760,PER,Q28668304,156.19894409179688
https://digitalzibaldone.net/node/p2778_1,epist.,1767,1773,WORK,Q212044,160.427001953125
https://digitalzibaldone.net/node/p2779_2,la Gramm.,474,483,WORK,Q471573,165.7254638671875
https://digitalzibaldone.net/node/p2779_2,Pad.,487,491,LOC,Q761422,148.43055725097656
https://digitalzibaldone.net/node/p2825_2,Eustazio,388,396,PER,Q24712367,173.01622009277344
https://digitalzibaldone.net/node/p2825_2,Epifanio,535,543,PER,Q1059672,135.539306640625
https://digitalzibaldone.net/node/p2825_2,Mustoxidi,559,568,PER,Q902399,172.60955810546875
https://digitalzibaldone.net/node/p2825_2,Scinà,577,582,PER,Q3713240,160.38772583007812
https://digitalzibaldone.net/node/p2825_2,Collezione di vari aneddoti greci,589,622,WORK,Q1059672,157.71446228027344
https://digitalzibaldone.net/node/p2836_1,Georg.,107,113,WORK,Q2090833,154.2174072265625
https://digitalzibaldone.net/node/p2840_1,Ennio,919,924,PER,Q19819822,164.11648559570312
https://digitalzibaldone.net/node/p2840_1,Lucrezio,972,980,PER,Q47154,132.61367797851562
https://digitalzibaldone.net/node/p2840_1,Catone,1005,1011,PER,Q180081,130.74020385742188
https://digitalzibaldone.net/node/p2840_1,Cincio,1013,1019,PER,Q180081,140.82122802734375
https://digitalzibaldone.net/node/p2875_1,inghilterra,711,722,LOC,Q21,110.14350128173828
https://digitalzibaldone.net/node/p2875_1,Germania,728,736,LOC,Q183,108.95771789550781
https://digitalzibaldone.net/node/p2882_1,Ammiano,288,295,PER,Q172198,132.33108520507812
https://digitalzibaldone.net/node/p2882_1,Forcell.,300,308,WORK,Q1163234,141.04754638671875
https://digitalzibaldone.net/node/p2882_1,Ammiano,325,332,PER,Q172198,134.28489685058594
https://digitalzibaldone.net/node/p2882_1,Festo,628,633,PER,Q1451726,141.0227813720703
https://digitalzibaldone.net/node/p2882_1,Forcell.,880,888,WORK,Q1376130,146.60250854492188
https://digitalzibaldone.net/node/p2882_1,S. Agostino,980,991,PER,Q8018,126.87966918945312
https://digitalzibaldone.net/node/p2882_1,Ispagna,1250,1257,LOC,Q1321,130.89013671875
https://digitalzibaldone.net/node/p2882_1,Ammiano,1274,1281,PER,Q172198,129.9783477783203
https://digitalzibaldone.net/node/p2882_1,il Glossar.,1376,1387,WORK,Q16565292,145.54832458496094
https://digitalzibaldone.net/node/p2882_1,Cang.,1388,1393,PER,Q1661,141.16551208496094
https://digitalzibaldone.net/node/p2882_1,Glossar.,1664,1672,WORK,Q1132324,142.87814331054688
https://digitalzibaldone.net/node/p2923_3,Corticelli,152,162,PER,Q55892917,146.23614501953125
https://digitalzibaldone.net/node/p2923_3,Cicerone,404,412,PER,Q1541,137.12962341308594
https://digitalzibaldone.net/node/p2923_3,Attica,414,420,LOC,Q122443,151.48046875
https://digitalzibaldone.net/node/p2932_1,Varrone,715,722,PER,Q206119,123.19459533691406
https://digitalzibaldone.net/node/p2932_1,Plinio,725,731,PER,Q539607,140.86854553222656
https://digitalzibaldone.net/node/p2932_1,Diomede,826,833,PER,Q8739,132.41268920898438
https://digitalzibaldone.net/node/p2932_1,Persio,869,875,PER,Q332785,153.6964569091797
https://digitalzibaldone.net/node/p2932_1,Vitruvio,1165,1173,PER,Q47163,130.77517700195312
https://digitalzibaldone.net/node/p2932_1,Gloss.,1245,1251,WORK,Q1163234,143.66009521484375
https://digitalzibaldone.net/node/p2932_1,Varrone,1398,1405,PER,Q105263,128.73495483398438
https://digitalzibaldone.net/node/p2932_1,il Glossar.,1754,1765,WORK,Q16565292,162.39584350585938
https://digitalzibaldone.net/node/p2932_1,Varrone,1856,1863,PER,Q206119,123.42169189453125
https://digitalzibaldone.net/node/p2932_1,R. R.,1870,1875,WORK,Q2090833,151.14373779296875
https://digitalzibaldone.net/node/p2935_2,il Glossario,71,83,WORK,Q12899229,159.3684844970703
https://digitalzibaldone.net/node/p2965_1,Alfieri,966,973,PER,Q296244,135.1126251220703
https://digitalzibaldone.net/node/p2965_1,Vita,984,988,WORK,Q3,131.13339233398438
https://digitalzibaldone.net/node/p2983_2,Crusca,508,514,WORK,Q188672,137.9945068359375
https://digitalzibaldone.net/node/p2983_2,il Forcellini,885,898,WORK,Q3846125,170.17727661132812
https://digitalzibaldone.net/node/p2983_2,il Glossario,901,913,WORK,Q65130008,157.01524353027344
https://digitalzibaldone.net/node/p2987_1,Historia del famoso Predicador Fray Gerundio de Campazas,146,202,WORK,Q12269689,234.79273986816406
https://digitalzibaldone.net/node/p2987_1,Bastian Borrego,237,252,PER,Q3810561,165.46273803710938
https://digitalzibaldone.net/node/p2996_1,Forc.,833,838,PER,Q500522,169.0292205810547
https://digitalzibaldone.net/node/p3001_1,Forcell.,126,134,WORK,Q2411995,140.02545166015625
https://digitalzibaldone.net/node/p3001_1,Gloss.,172,178,WORK,Q7390,142.59619140625
https://digitalzibaldone.net/node/p3006_1,Forcellini,69,79,WORK,Q3846125,136.95986938476562
https://digitalzibaldone.net/node/p3006_1,Gloss.,98,104,WORK,Q397,139.2118377685547
https://digitalzibaldone.net/node/p3037_3,S. Giacomo,504,514,PER,Q3762261,145.2399139404297
https://digitalzibaldone.net/node/p3053_1,Forcell.,263,271,WORK,Q2411995,140.87899780273438
https://digitalzibaldone.net/node/p3053_1,il Glossar.,356,367,WORK,Q1342275,155.64590454101562
https://digitalzibaldone.net/node/p3055_1,Cicerone,762,770,PER,Q1541,139.70449829101562
https://digitalzibaldone.net/node/p3055_1,Desbillons,905,915,PER,Q229264,149.96371459960938
https://digitalzibaldone.net/node/p3055_1,Phaedr.,919,926,WORK,Q208481,144.65225219726562
https://digitalzibaldone.net/node/p3055_1,Manheim,927,934,LOC,Q61178,128.89450073242188
https://digitalzibaldone.net/node/p3057_1,S. Gio. Crisost.,148,164,PER,Q9200,200.3022918701172
https://digitalzibaldone.net/node/p3057_1,Sermone Quod nemo laedatur nisi a seipso,169,209,WORK,Q110646,254.84153747558594
https://digitalzibaldone.net/node/p3057_1,Chrysost.,330,339,PER,Q136576,158.58120727539062
https://digitalzibaldone.net/node/p3057_1,Montfaucon,344,354,PER,Q518992,162.90321350097656
https://digitalzibaldone.net/node/p3060_2,Forcell.,79,87,WORK,Q2411995,148.32232666015625
https://digitalzibaldone.net/node/p3060_2,Festo,119,124,PER,Q249707,138.822509765625
https://digitalzibaldone.net/node/p3071_1,de Rep.,132,139,WORK,Q3704127,149.08905029296875
https://digitalzibaldone.net/node/p3071_1,Cic.,143,147,PER,Q772429,146.18016052246094
https://digitalzibaldone.net/node/p3071_1,Richelet,249,257,PER,Q1376130,155.65016174316406
https://digitalzibaldone.net/node/p3071_1,Diz.,262,266,WORK,Q3704127,161.35536193847656
https://digitalzibaldone.net/node/p3071_1,Gellio,529,535,PER,Q78802,140.07818603515625
https://digitalzibaldone.net/node/p3071_1,il Glossar.,582,593,WORK,Q78802,131.99530029296875
https://digitalzibaldone.net/node/p3072_3,Lucio Silla,149,160,PER,Q483783,158.3057098388672
https://digitalzibaldone.net/node/p3072_3,G. Mario,217,225,PER,Q125414,141.776123046875
https://digitalzibaldone.net/node/p3072_3,Augusto,297,304,PER,Q3749580,140.8359375
https://digitalzibaldone.net/node/p3072_3,Bern. Davanzati,391,406,PER,Q76491,151.30282592773438
https://digitalzibaldone.net/node/p3072_3,Orazione in morte del Gran Duca di Toscana Cosimo primo.,408,464,WORK,Q2087151,137.542236328125
https://digitalzibaldone.net/node/p3073_3,Gloss.,214,220,WORK,Q35857,142.17764282226562
https://digitalzibaldone.net/node/p3077_1,Perticari,677,686,PER,Q3769747,148.04476928710938
https://digitalzibaldone.net/node/p3077_1,Forcell.,782,790,WORK,Q6075205,141.9986114501953
https://digitalzibaldone.net/node/p3094_1,Cellini,244,251,PER,Q190116,124.30560302734375
https://digitalzibaldone.net/node/p3094_1,Bembo,328,333,PER,Q2486190,130.80386352539062
https://digitalzibaldone.net/node/p3094_1,Bembo,384,389,PER,Q334188,127.81671142578125
https://digitalzibaldone.net/node/p3094_1,Bembo,414,419,PER,Q334188,128.13729858398438
https://digitalzibaldone.net/node/p3094_1,Cellini,468,475,PER,Q190116,126.0157470703125
https://digitalzibaldone.net/node/p3103_1,Omero,50,55,PER,Q6691,114.37492370605469
https://digitalzibaldone.net/node/p3103_1,Omero,207,212,PER,Q6691,114.02833557128906
https://digitalzibaldone.net/node/p3103_1,Lusiade,630,637,WORK,Q11955600,149.5872802734375
https://digitalzibaldone.net/node/p3103_1,Eneide,659,665,WORK,Q60220,135.9410858154297
https://digitalzibaldone.net/node/p3103_1,Isocrate,675,683,PER,Q221182,141.87884521484375
https://digitalzibaldone.net/node/p3103_1,Omero,724,729,PER,Q6691,113.07926940917969
https://digitalzibaldone.net/node/p3103_1,Panegirico,924,934,WORK,Q591055,136.795166015625
https://digitalzibaldone.net/node/p3103_1,Battie,949,955,PER,Q178985,152.95852661132812
https://digitalzibaldone.net/node/p3103_1,Isocr. Oratt. 7. et epistt.,956,983,WORK,Q3413524,174.19219970703125
https://digitalzibaldone.net/node/p3103_1,Cantabrig.,984,994,LOC,Q892128,149.41099548339844
https://digitalzibaldone.net/node/p3103_1,Omero,1027,1032,PER,Q6691,112.00398254394531
https://digitalzibaldone.net/node/p3103_1,Omero,1338,1343,PER,Q6691,112.83781433105469
https://digitalzibaldone.net/node/p3103_1,Frinico ateniese,1501,1517,PER,Q2089113,186.59832763671875
https://digitalzibaldone.net/node/p3103_1,Omero,1535,1540,PER,Q6691,118.74314880371094
https://digitalzibaldone.net/node/p3103_1,Mileto,1584,1590,LOC,Q169460,129.11068725585938
https://digitalzibaldone.net/node/p3103_1,Dario,1600,1605,PER,Q6691,128.08505249023438
https://digitalzibaldone.net/node/p3103_1,Longino,1707,1714,PER,Q436634,141.4272003173828
https://digitalzibaldone.net/node/p3103_1,Plut.,1809,1814,PER,Q41523,153.9476318359375
https://digitalzibaldone.net/node/p3103_1,Strabo,1834,1840,PER,Q97569638,159.9456329345703
https://digitalzibaldone.net/node/p3103_1,Aristoph.,1857,1866,PER,Q868,146.43710327148438
https://digitalzibaldone.net/node/p3103_1,Herodot.,1994,2002,PER,Q26825,171.86734008789062
https://digitalzibaldone.net/node/p3103_1,Tzetz.,2106,2112,PER,Q131195,143.8878173828125
https://digitalzibaldone.net/node/p3103_1,Chil.,2113,2118,WORK,Q2274948,144.2257080078125
https://digitalzibaldone.net/node/p3103_1,Eliano,2167,2173,PER,Q313782,141.05169677734375
https://digitalzibaldone.net/node/p3103_1,Var.,2175,2179,WORK,Q206119,153.09710693359375
https://digitalzibaldone.net/node/p3103_1,Fabric.,2299,2306,PER,Q2262540,158.7894287109375
https://digitalzibaldone.net/node/p3103_1,B. G.,2307,2312,WORK,Q435311,149.99771118164062
https://digitalzibaldone.net/node/p3103_1,Meurs.,2335,2341,PER,Q2090833,150.51974487304688
https://digitalzibaldone.net/node/p3103_1,Bibl. Att.,2342,2352,WORK,Q1398,158.83921813964844
https://digitalzibaldone.net/node/p3103_1,Bentley,2353,2360,PER,Q1305306,137.85275268554688
https://digitalzibaldone.net/node/p3103_1,Diss. ad Ep. Phalar.,2361,2381,WORK,Q1256851,133.6514129638672
https://digitalzibaldone.net/node/p3137_2,Omero,98,103,PER,Q6691,114.2781753540039
https://digitalzibaldone.net/node/p3137_2,iliade,109,115,WORK,Q8275,119.0985336303711
https://digitalzibaldone.net/node/p3137_2,Omero,252,257,PER,Q6691,114.58102416992188
https://digitalzibaldone.net/node/p3137_2,iliade,587,593,WORK,Q8275,114.80863952636719
https://digitalzibaldone.net/node/p3137_2,Omero,1133,1138,PER,Q6691,115.73355102539062
https://digitalzibaldone.net/node/p3137_2,iliade,2022,2028,WORK,Q8275,115.57064819335938
https://digitalzibaldone.net/node/p3137_2,Ettore,2104,2110,PER,Q45967,127.85450744628906
https://digitalzibaldone.net/node/p3137_2,Patroclo,2224,2232,PER,Q186271,124.16352844238281
https://digitalzibaldone.net/node/p3137_2,Andromaca,2278,2287,PER,Q19376,122.46711730957031
https://digitalzibaldone.net/node/p3137_2,Omero,2502,2507,PER,Q6691,115.33078002929688
https://digitalzibaldone.net/node/p3137_2,Omero,3209,3214,PER,Q6691,116.82099914550781
https://digitalzibaldone.net/node/p3137_2,iliade,3228,3234,WORK,Q8275,118.71527099609375
https://digitalzibaldone.net/node/p3137_2,Ettore,3235,3241,PER,Q159666,132.70401000976562
https://digitalzibaldone.net/node/p3137_2,Achille,3301,3308,PER,Q41746,121.0369873046875
https://digitalzibaldone.net/node/p3141_1,Turno,0,5,PER,Q4536623,153.7031707763672
https://digitalzibaldone.net/node/p3141_1,Eneide,46,52,WORK,Q60220,135.4217987060547
https://digitalzibaldone.net/node/p3141_1,Gerusalemme,187,198,LOC,Q1218,120.57579803466797
https://digitalzibaldone.net/node/p3141_1,Argante,261,268,PER,Q1616998,145.76722717285156
https://digitalzibaldone.net/node/p3141_1,Clorinda,270,278,PER,Q249769,144.3598175048828
https://digitalzibaldone.net/node/p3141_1,Solimano,280,288,PER,Q942906,136.22348022460938
https://digitalzibaldone.net/node/p3141_1,Argante,300,307,PER,Q1616998,137.08738708496094
https://digitalzibaldone.net/node/p3141_1,Gerus.,409,415,WORK,Q3637297,151.53829956054688
https://digitalzibaldone.net/node/p3141_1,Tasso,612,617,PER,Q168962,117.91651916503906
https://digitalzibaldone.net/node/p3141_1,Solimano,888,896,PER,Q1051656,138.29183959960938
https://digitalzibaldone.net/node/p3141_1,Argante,900,907,PER,Q31627,135.15426635742188
https://digitalzibaldone.net/node/p3141_1,Gerusalemme,964,975,LOC,Q1218,106.09873962402344
https://digitalzibaldone.net/node/p3143_1,Omero,108,113,PER,Q6691,114.64726257324219
https://digitalzibaldone.net/node/p3169_1,Grammat.,22,30,WORK,Q1050590,158.16586303710938
https://digitalzibaldone.net/node/p3169_1,Weller,35,41,PER,Q9081198,135.99090576171875
https://digitalzibaldone.net/node/p3169_1,Lips.,49,54,LOC,Q1809194,175.78021240234375
https://digitalzibaldone.net/node/p3202_1,Caluso,801,807,PER,Q3749743,133.6794891357422
https://digitalzibaldone.net/node/p3202_1,Lettera,814,821,WORK,Q995950,131.6597442626953
https://digitalzibaldone.net/node/p3202_1,Vita,834,838,WORK,Q3,133.8854217529297
https://digitalzibaldone.net/node/p3202_1,Alfieri,842,849,PER,Q296244,128.4833984375
https://digitalzibaldone.net/node/p3202_1,Esiodo,867,873,PER,Q44233,127.51329803466797
https://digitalzibaldone.net/node/p3202_1,Ermogene,1523,1531,PER,Q738027,142.23651123046875
https://digitalzibaldone.net/node/p3202_1,Cancellieri,1586,1597,PER,Q3612445,137.91845703125
https://digitalzibaldone.net/node/p3202_1,sugli Smemorati,1598,1613,WORK,Q3720242,144.44932556152344
https://digitalzibaldone.net/node/p3235_2,Platone,0,7,PER,Q859,127.609375
https://digitalzibaldone.net/node/p3235_2,Sofista,12,19,WORK,Q471715,146.23748779296875
https://digitalzibaldone.net/node/p3235_2,Astio,49,54,PER,Q371884,161.2908172607422
https://digitalzibaldone.net/node/p3235_2,Plat.,64,69,PER,Q859,138.3499755859375
https://digitalzibaldone.net/node/p3235_2,Lips.,70,75,LOC,Q6265342,144.16836547851562
https://digitalzibaldone.net/node/p3235_2,Ast.,300,304,PER,Q36510,162.80084228515625
https://digitalzibaldone.net/node/p3235_2,Astius,794,800,PER,Q297783,136.47314453125
https://digitalzibaldone.net/node/p3235_2,Platone,811,818,PER,Q859,117.75503540039062
https://digitalzibaldone.net/node/p3235_2,Platone,1155,1162,PER,Q859,120.83583068847656
https://digitalzibaldone.net/node/p3235_2,Timeo,1453,1458,PER,Q371884,156.81735229492188
https://digitalzibaldone.net/node/p3235_2,Lessico Platonico,1466,1483,WORK,Q3491332,200.99925231933594
https://digitalzibaldone.net/node/p3235_2,Fabric.,1492,1499,PER,Q1402,166.5880126953125
https://digitalzibaldone.net/node/p3235_2,B. G.,1500,1505,WORK,Q180081,173.877197265625
https://digitalzibaldone.net/node/p3235_2,Platone,1617,1624,PER,Q859,122.62183380126953
https://digitalzibaldone.net/node/p3235_2,Platone,1920,1927,PER,Q859,118.86582946777344
https://digitalzibaldone.net/node/p3235_2,Platone,2203,2210,PER,Q859,122.57393646240234
https://digitalzibaldone.net/node/p3282_1,Giulio Cesare,1107,1120,PER,Q1048,123.32154846191406
https://digitalzibaldone.net/node/p3282_1,Svetonio,1137,1145,PER,Q10133,136.50067138671875
https://digitalzibaldone.net/node/p3283_2,Gloss.,754,760,WORK,Q14185,149.25424194335938
https://digitalzibaldone.net/node/p3284_1,Perticari,66,75,PER,Q3769747,150.5275421142578
https://digitalzibaldone.net/node/p3312_2,S. Isidoro,332,342,PER,Q379685,139.89511108398438
https://digitalzibaldone.net/node/p3312_2,Forcellini,351,361,WORK,Q3496319,143.90252685546875
https://digitalzibaldone.net/node/p3332_1,italia,484,490,LOC,Q38,102.85958862304688
https://digitalzibaldone.net/node/p3332_1,italia,1412,1418,LOC,Q38,104.64535522460938
https://digitalzibaldone.net/node/p3332_1,Cic.,1849,1853,PER,Q1541,136.12225341796875
https://digitalzibaldone.net/node/p3332_1,italia,2478,2484,LOC,Q38,101.37645721435547
https://digitalzibaldone.net/node/p3332_1,italia,3387,3393,LOC,Q38,105.31915283203125
https://digitalzibaldone.net/node/p3332_1,italia,3679,3685,LOC,Q38,104.02865600585938
https://digitalzibaldone.net/node/p3332_1,italia,3867,3873,LOC,Q38,105.3062973022461
https://digitalzibaldone.net/node/p3349_2,Voltaire,570,578,PER,Q9068,125.06330108642578
https://digitalzibaldone.net/node/p3350_3,Forc.,38,43,WORK,Q3768238,160.06944274902344
https://digitalzibaldone.net/node/p3357_3,Scap.,435,440,WORK,Q387199,147.31768798828125
https://digitalzibaldone.net/node/p3357_3,Forcell.,773,781,PER,Q19406438,146.9952392578125
https://digitalzibaldone.net/node/p3365_1,Louisiane,30,39,LOC,Q1588,153.9882049560547
https://digitalzibaldone.net/node/p3365_1,France,55,61,LOC,Q13917,122.58659362792969
https://digitalzibaldone.net/node/p3365_1,Voltaire,451,459,PER,Q9068,135.1359405517578
https://digitalzibaldone.net/node/p3365_1,Correspondance du rince Royal de Prusse,461,500,WORK,Q233516,278.4501953125
https://digitalzibaldone.net/node/p3365_1,Frédéric II,509,520,PER,Q131981,194.1670684814453
https://digitalzibaldone.net/node/p3365_1,Voltaire,535,543,PER,Q9068,129.01809692382812
https://digitalzibaldone.net/node/p3365_1,Cirey,574,579,LOC,Q2240551,155.936279296875
https://digitalzibaldone.net/node/p3365_1,Frédéric II,620,631,PER,Q131981,181.26441955566406
https://digitalzibaldone.net/node/p3365_1,Oeuvres Complettes,674,692,WORK,Q3725319,202.33273315429688
https://digitalzibaldone.net/node/p3365_1,Frédéric II,696,707,PER,Q131981,191.02601623535156
https://digitalzibaldone.net/node/p3403_1,Floro,1229,1234,PER,Q12951546,140.1203155517578
https://digitalzibaldone.net/node/p3411_1,Rep.,357,361,WORK,Q868,147.41091918945312
https://digitalzibaldone.net/node/p3411_1,Aristotele,365,375,PER,Q868,113.18859100341797
https://digitalzibaldone.net/node/p3465_1,italia,488,494,LOC,Q38,104.19046020507812
https://digitalzibaldone.net/node/p3465_1,europa,848,854,LOC,Q46,107.68510437011719
https://digitalzibaldone.net/node/p3491_3,Rousseau,494,502,PER,Q6527,130.79949951171875
https://digitalzibaldone.net/node/p3541_1,Forcellini,346,356,WORK,Q3846125,144.0449981689453
https://digitalzibaldone.net/node/p3541_2,Aristot.,107,115,PER,Q868,139.7823944091797
https://digitalzibaldone.net/node/p3541_2,Polit.,116,122,WORK,Q708247,155.47105407714844
https://digitalzibaldone.net/node/p3541_2,Flor.,135,140,PER,Q302936,150.3075408935547
https://digitalzibaldone.net/node/p3541_2,la Crusca,245,254,WORK,Q3822537,144.88592529296875
https://digitalzibaldone.net/node/p3544_1,Fabric.,38,45,PER,Q3768238,182.28758239746094
https://digitalzibaldone.net/node/p3544_1,B. Lat.,46,53,WORK,Q2090833,197.0250701904297
https://digitalzibaldone.net/node/p3544_1,Ven.,57,61,LOC,Q2978539,169.6649932861328
https://digitalzibaldone.net/node/p3544_1,Corn. Nep.,99,109,PER,Q2090833,176.31954956054688
https://digitalzibaldone.net/node/p3544_1,Catullo,135,142,PER,Q3651495,142.6451416015625
https://digitalzibaldone.net/node/p3546_1,italia,572,578,LOC,Q38,101.84332275390625
https://digitalzibaldone.net/node/p3568_2,Victorius,128,137,PER,Q367638,151.87020874023438
https://digitalzibaldone.net/node/p3568_2,Aristot.,175,183,PER,Q868,159.25714111328125
https://digitalzibaldone.net/node/p3568_2,Polit.,184,190,WORK,Q15179542,158.72154235839844
https://digitalzibaldone.net/node/p3568_2,Flor.,201,206,PER,Q302936,155.3512420654297
https://digitalzibaldone.net/node/p3569_2,Forcellini,597,607,WORK,Q3846125,137.23074340820312
https://digitalzibaldone.net/node/p3569_2,Erodoto,1355,1362,PER,Q26825,119.83595275878906
https://digitalzibaldone.net/node/p3579_1,europa,71,77,LOC,Q46,107.88568878173828
https://digitalzibaldone.net/node/p3579_1,Spagna,82,88,LOC,Q29,108.72793579101562
https://digitalzibaldone.net/node/p3579_1,italia,204,210,LOC,Q38,105.76176452636719
https://digitalzibaldone.net/node/p3579_1,Spagna,339,345,LOC,Q29,106.99851989746094
https://digitalzibaldone.net/node/p3579_1,ispagna,727,734,LOC,Q123559,130.18875122070312
https://digitalzibaldone.net/node/p3579_1,Cristo,920,926,PER,Q302,114.78826904296875
https://digitalzibaldone.net/node/p3579_1,Maometto,944,952,PER,Q9458,109.63543701171875
https://digitalzibaldone.net/node/p3579_1,spagna,1733,1739,LOC,Q29,107.84861755371094
https://digitalzibaldone.net/node/p3579_1,spagna,1793,1799,LOC,Q29,107.45231628417969
https://digitalzibaldone.net/node/p3579_1,ispagna,2106,2113,LOC,Q29,128.81549072265625
https://digitalzibaldone.net/node/p3579_1,Averroe,2233,2240,PER,Q39837,121.27799224853516
https://digitalzibaldone.net/node/p3579_1,europa,2281,2287,LOC,Q46,107.9207992553711
https://digitalzibaldone.net/node/p3579_1,europa,2398,2404,LOC,Q46,107.59732055664062
https://digitalzibaldone.net/node/p3579_1,spagna,2579,2585,LOC,Q29,106.9813461303711
https://digitalzibaldone.net/node/p3593_1,Tasso,14,19,PER,Q168962,121.73391723632812
https://digitalzibaldone.net/node/p3593_1,Ugone,283,288,PER,Q166234,138.68670654296875
https://digitalzibaldone.net/node/p3593_1,Goffredo,291,299,PER,Q188344,130.17706298828125
https://digitalzibaldone.net/node/p3593_1,Rinaldo,311,318,PER,Q201041,137.87973022460938
https://digitalzibaldone.net/node/p3593_1,Tasso,403,408,PER,Q168962,129.16310119628906
https://digitalzibaldone.net/node/p3593_1,Tasso,722,727,PER,Q168962,116.33135986328125
https://digitalzibaldone.net/node/p3593_1,Tasso,1490,1495,PER,Q168962,117.70083618164062
https://digitalzibaldone.net/node/p3604_1,Omero,1608,1613,PER,Q6691,113.85128784179688
https://digitalzibaldone.net/node/p3604_1,iliade,1619,1625,WORK,Q8275,116.91818237304688
https://digitalzibaldone.net/node/p3604_1,Omero,2474,2479,PER,Q6691,117.17133331298828
https://digitalzibaldone.net/node/p3604_1,iliade,2485,2491,WORK,Q8275,117.98677825927734
https://digitalzibaldone.net/node/p3604_1,Ettore,2505,2511,PER,Q6691,134.5178680419922
https://digitalzibaldone.net/node/p3604_1,Achille,2661,2668,PER,Q41746,131.85777282714844
https://digitalzibaldone.net/node/p3604_1,Omero,2757,2762,PER,Q6691,116.21598052978516
https://digitalzibaldone.net/node/p3604_1,Omero,3231,3236,PER,Q6691,120.7248764038086
https://digitalzibaldone.net/node/p3604_1,Achille,3274,3281,PER,Q41746,125.59231567382812
https://digitalzibaldone.net/node/p3604_1,Patroclo,3454,3462,PER,Q186271,138.695068359375
https://digitalzibaldone.net/node/p3604_1,Achille,3577,3584,PER,Q41746,131.587890625
https://digitalzibaldone.net/node/p3604_1,Achille,3902,3909,PER,Q41746,119.02515411376953
https://digitalzibaldone.net/node/p3613_1,iliade,45,51,WORK,Q8275,116.66854858398438
https://digitalzibaldone.net/node/p3613_1,Omero,474,479,PER,Q6691,116.32170104980469
https://digitalzibaldone.net/node/p3613_1,iliade,1188,1194,WORK,Q8275,119.38618469238281
https://digitalzibaldone.net/node/p3613_1,Enea,1988,1992,PER,Q82732,135.05746459960938
https://digitalzibaldone.net/node/p3613_1,Omero,2231,2236,PER,Q6691,114.20114135742188
https://digitalzibaldone.net/node/p3613_1,iliade,2578,2584,WORK,Q8275,115.85621643066406
https://digitalzibaldone.net/node/p3613_1,iliade,3432,3438,WORK,Q8275,118.05441284179688
https://digitalzibaldone.net/node/p3613_1,Omero,3596,3601,PER,Q6691,114.11604309082031
https://digitalzibaldone.net/node/p3613_1,iliade,3817,3823,WORK,Q8275,117.59204864501953
https://digitalzibaldone.net/node/p3621_2,Forcell.,53,61,WORK,Q1376130,151.5264892578125
https://digitalzibaldone.net/node/p3621_2,Forcellini,150,160,PER,Q3846125,151.06167602539062
https://digitalzibaldone.net/node/p3636_1,Alberti,674,681,PER,Q182046,147.10076904296875
https://digitalzibaldone.net/node/p3636_1,Monti,957,962,PER,Q723643,138.03317260742188
https://digitalzibaldone.net/node/p3636_1,Propos.,963,970,WORK,Q186393,148.72193908691406
https://digitalzibaldone.net/node/p3636_1,Prudenzio,1210,1219,PER,Q18608777,139.77560424804688
https://digitalzibaldone.net/node/p3636_1,Forcellini,1334,1344,WORK,Q3846125,139.44979858398438
https://digitalzibaldone.net/node/p3684_5,S. Girolamo,112,123,PER,Q44248,140.16189575195312
https://digitalzibaldone.net/node/p3684_5,Forcell.,186,194,WORK,Q3768238,140.72647094726562
https://digitalzibaldone.net/node/p3684_5,Gloss.,215,221,WORK,Q40634,141.31976318359375
https://digitalzibaldone.net/node/p3686_2,Forcell.,76,84,WORK,Q115793,153.92567443847656
https://digitalzibaldone.net/node/p3687_1,Dante,405,410,PER,Q1067,117.1296157836914
https://digitalzibaldone.net/node/p3687_1,la Crusca,437,446,WORK,Q18487001,159.46002197265625
https://digitalzibaldone.net/node/p3695_1,Forcell.,336,344,WORK,Q291943,144.73452758789062
https://digitalzibaldone.net/node/p3715_1,Cicerone,1221,1229,PER,Q1541,136.42703247070312
https://digitalzibaldone.net/node/p3715_1,Orat.,1250,1255,WORK,Q1541,147.3184051513672
https://digitalzibaldone.net/node/p3715_1,Forc.,1557,1562,WORK,Q2262540,163.56863403320312
https://digitalzibaldone.net/node/p3749_2,Omero,321,326,PER,Q6691,113.15055847167969
https://digitalzibaldone.net/node/p3749_2,italia,867,873,LOC,Q38,102.6100082397461
https://digitalzibaldone.net/node/p3749_2,italia,1023,1029,LOC,Q38,102.53646850585938
https://digitalzibaldone.net/node/p3749_2,italia,1594,1600,LOC,Q38,105.7315673828125
https://digitalzibaldone.net/node/p3754_1,Forc.,275,280,WORK,Q2262540,155.77565002441406
https://digitalzibaldone.net/node/p3758_1,Forc.,232,237,PER,Q708247,151.3531494140625
https://digitalzibaldone.net/node/p3758_1,Forc.,587,592,PER,Q1163234,152.94508361816406
https://digitalzibaldone.net/node/p3758_1,Forc.,796,801,PER,Q1163234,166.53646850585938
https://digitalzibaldone.net/node/p3811_4,Annali di Scienze e lettere,1296,1323,WORK,Q193866,180.57199096679688
https://digitalzibaldone.net/node/p3811_4,Milano,1327,1333,LOC,Q490,103.57594299316406
https://digitalzibaldone.net/node/p3828_1,Forcell.,16,24,WORK,Q9307,152.25096130371094
https://digitalzibaldone.net/node/p3830_1,italia,731,737,LOC,Q38,103.18235778808594
https://digitalzibaldone.net/node/p3842_1,Creuzer,295,302,PER,Q1376130,126.1000747680664
https://digitalzibaldone.net/node/p3842_1,Meletemata e disciplina antiquitatis,303,339,WORK,Q3797358,177.8470916748047
https://digitalzibaldone.net/node/p3842_1,Lips.,349,354,LOC,Q707863,164.9768524169922
https://digitalzibaldone.net/node/p3845_2,Catullo,93,100,PER,Q163079,158.29920959472656
https://digitalzibaldone.net/node/p3845_2,Paolo Diacono,113,126,PER,Q160424,191.9857177734375
https://digitalzibaldone.net/node/p3845_2,Festo,130,135,PER,Q249707,148.0919647216797
https://digitalzibaldone.net/node/p3858_1,italia,205,211,LOC,Q38,103.68830871582031
https://digitalzibaldone.net/node/p3858_1,spagna,217,223,LOC,Q29,106.43118286132812
https://digitalzibaldone.net/node/p3858_1,italia,311,317,LOC,Q38,104.43245697021484
https://digitalzibaldone.net/node/p3858_1,spagna,323,329,LOC,Q29,107.48970031738281
https://digitalzibaldone.net/node/p3858_1,europa,791,797,LOC,Q46,105.8345718383789
https://digitalzibaldone.net/node/p3858_1,europa,868,874,LOC,Q46,105.64009094238281
https://digitalzibaldone.net/node/p3858_1,spagna,1125,1131,LOC,Q29,109.01985168457031
https://digitalzibaldone.net/node/p3858_1,italia,1293,1299,LOC,Q38,105.40795135498047
https://digitalzibaldone.net/node/p3858_1,spagna,1308,1314,LOC,Q29,109.00547790527344
https://digitalzibaldone.net/node/p3858_1,italia,2089,2095,LOC,Q38,106.10076141357422
https://digitalzibaldone.net/node/p3858_1,Spagna,2101,2107,LOC,Q29,110.7295913696289
https://digitalzibaldone.net/node/p3875_1,Forc.,741,746,WORK,Q77131,157.97825622558594
https://digitalzibaldone.net/node/p3887_1,italia,23,29,LOC,Q38,110.10809326171875
https://digitalzibaldone.net/node/p3887_1,Trivulzio,86,95,PER,Q742997,137.6763916015625
https://digitalzibaldone.net/node/p3887_1,Montecuccoli,100,112,PER,Q877126,139.7292022705078
https://digitalzibaldone.net/node/p3887_1,la Repubblica di Venezia,238,262,LOC,Q4948,147.68414306640625
https://digitalzibaldone.net/node/p3887_1,Bernardo Tasso,601,615,PER,Q823060,154.62472534179688
https://digitalzibaldone.net/node/p3887_1,Lettere,617,624,WORK,Q995950,130.94203186035156
https://digitalzibaldone.net/node/p3887_1,Mazarino,1033,1041,PER,Q189418,139.21395874023438
https://digitalzibaldone.net/node/p3887_1,Alberoni,1045,1053,PER,Q539927,133.40231323242188
https://digitalzibaldone.net/node/p3887_1,Bentivoglio,1058,1069,PER,Q35625,138.2898406982422
https://digitalzibaldone.net/node/p3887_1,Lucchesini,1083,1093,PER,Q13373,135.1433563232422
https://digitalzibaldone.net/node/p3887_1,Roma,1355,1359,LOC,Q220,107.04142761230469
https://digitalzibaldone.net/node/p3887_1,italia,1447,1453,LOC,Q38,103.01566314697266
https://digitalzibaldone.net/node/p3887_1,europa,1674,1680,LOC,Q46,106.0972671508789
https://digitalzibaldone.net/node/p3887_1,Trento,2108,2114,LOC,Q3376,109.64046478271484
https://digitalzibaldone.net/node/p3887_1,italia,2676,2682,LOC,Q38,103.89409637451172
https://digitalzibaldone.net/node/p3887_1,italia,2884,2890,LOC,Q38,104.6257553100586
https://digitalzibaldone.net/node/p3887_1,Roma,3061,3065,LOC,Q220,109.08035278320312
https://digitalzibaldone.net/node/p3887_1,S. Pietro,3128,3137,PER,Q43999,128.86058044433594
https://digitalzibaldone.net/node/p3887_1,Leon X,3212,3218,PER,Q49237,174.8887176513672
https://digitalzibaldone.net/node/p3887_1,Roma,3315,3319,LOC,Q220,107.62982177734375
https://digitalzibaldone.net/node/p3895_2,Niebuhr,366,373,PER,Q60586,132.63243103027344
https://digitalzibaldone.net/node/p3902_1,Petr.,62,67,PER,Q746066,147.89524841308594
https://digitalzibaldone.net/node/p3902_1,San Flaviano,172,184,PER,Q490801,172.0342559814453
https://digitalzibaldone.net/node/p3907_2,2. lett.,88,96,WORK,Q97179263,171.75445556640625
https://digitalzibaldone.net/node/p3907_2,Feder. II,100,109,PER,Q172383,182.42547607421875
https://digitalzibaldone.net/node/p3907_2,Forcell.,169,177,WORK,Q115793,143.640625
https://digitalzibaldone.net/node/p3931_3,Frédéric II,66,77,PER,Q7723,207.7801055908203
https://digitalzibaldone.net/node/p3931_3,D'Argens,91,99,PER,Q705830,171.85964965820312
https://digitalzibaldone.net/node/p3931_3,Sur la faiblesse de l'esprit humain.,101,137,WORK,Q2966983,180.92361450195312
https://digitalzibaldone.net/node/p3931_3,oeuvres complettes,138,156,WORK,Q459197,217.53163146972656
https://digitalzibaldone.net/node/p3955_2,Maria,1610,1615,PER,Q255261,129.30252075195312
https://digitalzibaldone.net/node/p3961_1,Gloss.,89,95,WORK,Q397,162.51007080078125
https://digitalzibaldone.net/node/p3963_1,Forc.,75,80,PER,Q1376130,174.36155700683594
https://digitalzibaldone.net/node/p3963_1,Forc.,689,694,PER,Q500522,163.90902709960938
https://digitalzibaldone.net/node/p3963_1,Forc.,745,750,PER,Q500522,160.54791259765625
https://digitalzibaldone.net/node/p3963_1,Forc.,868,873,PER,Q346451,153.83407592773438
https://digitalzibaldone.net/node/p3963_1,Forc.,901,906,PER,Q346451,161.66537475585938
https://digitalzibaldone.net/node/p3963_1,Forc.,1329,1334,PER,Q1163234,164.7791748046875
https://digitalzibaldone.net/node/p3980_1,D. Quijote,254,264,WORK,Q1376130,186.5865478515625
https://digitalzibaldone.net/node/p3980_1,Sancho,441,447,PER,Q17003205,138.33609008789062
https://digitalzibaldone.net/node/p3980_1,D. Quijote,658,668,WORK,Q379753,215.74569702148438
https://digitalzibaldone.net/node/p3980_1,Amberes,706,713,LOC,Q719393,150.0365447998047
https://digitalzibaldone.net/node/p3980_3,Forcell.,42,50,WORK,Q2411995,163.3756103515625
https://digitalzibaldone.net/node/p3986_3,Forcell.,273,281,PER,Q1215486,155.36178588867188
https://digitalzibaldone.net/node/p3986_3,Caio Tizio,328,338,PER,Q857119,192.53529357910156
https://digitalzibaldone.net/node/p3988_1,odo,161,164,WORK,Q946219,146.0732421875
https://digitalzibaldone.net/node/p3988_1,De Rogati,213,222,PER,Q15672757,163.32298278808594
https://digitalzibaldone.net/node/p3988_1,Anacr.,246,252,PER,Q1187173,154.86618041992188
https://digitalzibaldone.net/node/p3988_1,od.,253,256,WORK,Q1231858,146.492919921875
https://digitalzibaldone.net/node/p3988_1,Batillo,267,274,PER,Q791314,123.63855743408203
https://digitalzibaldone.net/node/p3988_1,oda,412,415,WORK,Q35160,146.48683166503906
https://digitalzibaldone.net/node/p3988_1,Ippocrate,499,508,PER,Q5264,123.00617218017578
https://digitalzibaldone.net/node/p3992_5,D. Quijote,254,264,WORK,Q188623,170.38348388671875
https://digitalzibaldone.net/node/p3992_5,D. Quijote,483,493,WORK,Q188623,185.2916717529297
https://digitalzibaldone.net/node/p3992_5,la Crus.,537,545,WORK,Q242723,144.6533660888672
https://digitalzibaldone.net/node/p3995_3,Anacreonte,64,74,PER,Q213484,142.61599731445312
https://digitalzibaldone.net/node/p4000_1,Petrarca,456,464,PER,Q1401,115.6607666015625
https://digitalzibaldone.net/node/p4000_1,Canz.,465,470,WORK,Q1401,149.53530883789062
https://digitalzibaldone.net/node/p4000_4,Forc.,694,699,WORK,Q1163234,151.9306640625
https://digitalzibaldone.net/node/p4000_4,Gloss.,919,925,WORK,Q1163234,143.74908447265625
https://digitalzibaldone.net/node/p4000_4,Gloss.,933,939,WORK,Q1163234,139.337646484375
https://digitalzibaldone.net/node/p4000_4,Alberti,1347,1354,PER,Q182046,161.49990844726562
https://digitalzibaldone.net/node/p4000_4,la Crusca,1437,1446,WORK,Q338489,200.87779235839844
